0.1664083969700219 ; 6 ; 5 ; incroyable ; beaming 
0.48185273637320347 ; 48 ; 61 ; jusqu ; put 
0.46243401908345966 ; 66 ; 70 ; lorsque ; away 
0.010988454405771148 ; 7 ; 8 ; figg ; figg 
0.17835525884051928 ; 8 ; 9 ; allèrent ; relief 
0.24908315145487125 ; 9 ; 10 ; poches ; indeed 
0.2874189422769293 ; 9 ; 7 ; usage ; hiding 
0.4321493291123525 ; 30 ; 22 ; face ; hardly 
0.1329797769067716 ; 6 ; 7 ; roux ; malkin 
0.340730960134384 ; 20 ; 23 ; passait ; staring 
0.1925961396311587 ; 7 ; 9 ; connaît ; thirteen 
0.35808764932516945 ; 18 ; 18 ; longtemps ; times 
0.01851965713948478 ; 7 ; 7 ; samedi ; saturday 
0.30391110698012025 ; 10 ; 7 ; travail ; passing 
0.3757180931721103 ; 33 ; 30 ; château ; corridor 
0.4378544215726775 ; 60 ; 44 ; veux ; should 
0.3474347435898347 ; 20 ; 17 ; lieu ; realized 
0.3425184773865614 ; 42 ; 29 ; équipe ; team 
0.17443363105120172 ; 5 ; 5 ; épais ; possibly 
0.173548187792066 ; 5 ; 7 ; joue ; fine 
0.37682509345975274 ; 30 ; 41 ; ouvrit ; yet 
0.1320271568937657 ; 7 ; 5 ; panique ; sticks 
0.4345699539987333 ; 26 ; 22 ; poche ; rather 
0.2888627783970298 ; 13 ; 18 ; rendre ; watch 
0.23808354460233613 ; 7 ; 6 ; truc ; excitedly 
0.07850984078873882 ; 5 ; 7 ; billet ; smelting 
0.4366341114431367 ; 43 ; 43 ; sol ; sure 
0.22666835503740893 ; 8 ; 10 ; agissait ; baby 
0.2966716197948881 ; 14 ; 10 ; cinquante ; studying 
0.21150488278190485 ; 7 ; 5 ; vivre ; slithering 
0.21463231931912702 ; 5 ; 7 ; événements ; trust 
0.09837063203214413 ; 5 ; 5 ; allais ; mark 
0.1759753331163881 ; 11 ; 11 ; clés ; station 
0.17122885764292087 ; 5 ; 6 ; sortez ; nothin 
0.13125771109266926 ; 6 ; 6 ; serez ; panted 
0.20477484012923886 ; 6 ; 6 ; courait ; scarlet 
0.04254203565922693 ; 23 ; 25 ; granger ; granger 
0.4544307309100058 ; 96 ; 70 ; répondit ; tell 
0.44184394067505695 ; 23 ; 26 ; robe ; robes 
0.5180334180361242 ; 58 ; 70 ; vraiment ; tell 
0.21623425114867187 ; 8 ; 11 ; travailler ; worried 
0.15531431542801433 ; 5 ; 5 ; premiers ; possibly 
0.2557797531468255 ; 12 ; 10 ; quel ; bought 
0.3165226242390401 ; 16 ; 11 ; perdu ; girl 
0.2562069373794755 ; 12 ; 9 ; épaule ; opposite 
0.752095176445292 ; 103 ; 75 ; dursley ; heard 
0.1809461733514252 ; 7 ; 10 ; chaise ; chair 
0.018943199645439404 ; 5 ; 5 ; vélo ; bike 
0.34531527025517594 ; 28 ; 34 ; vrai ; place 
0.2371653879088483 ; 6 ; 5 ; précipitamment ; handkerchief 
0.3959675636671986 ; 26 ; 19 ; jeta ; taking 
0.24692583582976624 ; 10 ; 7 ; débarrasser ; rubbish 
0.49335195318527597 ; 74 ; 70 ; coup ; tell 
0.2501679976776213 ; 7 ; 5 ; glisser ; miserably 
0.19691755407507738 ; 7 ; 7 ; tué ; clutching 
0.14371329065185506 ; 5 ; 6 ; matière ; chest 
0.23941542765577722 ; 8 ; 9 ; renvoyé ; broomsticks 
0.21625454476623068 ; 11 ; 12 ; retourner ; hooch 
0.0203494869425756 ; 7 ; 10 ; barque ; boat 
0.32907637959037284 ; 16 ; 12 ; mauvais ; wondering 
0.14879578912110655 ; 6 ; 7 ; répondu ; murmured 
0.09574836632198451 ; 116 ; 116 ; vernon ; vernon 
0.18335186961529182 ; 5 ; 5 ; diable ; horse 
0.2148248387641033 ; 8 ; 9 ; emparer ; following 
0.4105841654140233 ; 28 ; 36 ; lit ; outside 
0.15883611424881505 ; 6 ; 5 ; magnifique ; excitement 
0.08903402008466203 ; 12 ; 14 ; anniversaire ; birthday 
0.15483296460566173 ; 5 ; 5 ; préparer ; possibly 
0.2414399997493919 ; 20 ; 20 ; miss ; flitwick 
0.43722591591806587 ; 32 ; 27 ; étais ; many 
0.21668686331483505 ; 10 ; 11 ; nouvelle ; racing 
0.5264997153143629 ; 649 ; 637 ; avait ; on 
0.44057930262373823 ; 45 ; 49 ; crois ; felt 
0.32943264160511443 ; 16 ; 12 ; répondre ; tall 
0.12663292429892703 ; 5 ; 5 ; pose ; bald 
0.18490875077407637 ; 13 ; 14 ; six ; six 
0.4068736936196974 ; 35 ; 31 ; pris ; anyway 
0.37605004106480183 ; 25 ; 34 ; tomba ; doing 
0.09793253763402238 ; 5 ; 5 ; finit ; helped 
0.43273737788600597 ; 44 ; 62 ; instant ; dark 
0.15764844521047966 ; 7 ; 6 ; allée ; fixed 
0.33662041845521296 ; 11 ; 10 ; parle ; corridors 
0.32713495161152906 ; 10 ; 8 ; pouvez ; sped 
0.1887964025363902 ; 5 ; 6 ; mesure ; cause 
0.25661945574537837 ; 10 ; 8 ; absolument ; worth 
0.2944038628018917 ; 9 ; 12 ; éloigna ; case 
0.2152614644598545 ; 5 ; 5 ; convaincu ; groaned 
0.30092494705326256 ; 13 ; 10 ; commença ; sounded 
0.4765464355079742 ; 82 ; 67 ; comment ; bit 
0.21547391853658723 ; 11 ; 10 ; compagnie ; hidden 
0.034923208995517985 ; 7 ; 9 ; wagon ; compartment 
0.33354402956260343 ; 17 ; 12 ; pouvoir ; expected 
0.31392827138122753 ; 15 ; 14 ; jeu ; slytherins 
0.2080743598550328 ; 7 ; 5 ; compris ; faint 
0.12976228884925178 ; 6 ; 7 ; marque ; feast 
0.1884739575302255 ; 7 ; 6 ; continua ; everywhere 
0.34922698771590494 ; 10 ; 10 ; oreilles ; locked 
0.18576565534439882 ; 7 ; 5 ; levant ; age 
0.21412422678442145 ; 9 ; 7 ; adressa ; sharply 
0.449047828207385 ; 34 ; 33 ; match ; peeves 
0.4572552530431707 ; 37 ; 39 ; passé ; these 
0.46030342128381985 ; 30 ; 26 ; trouvé ; weren 
0.09727924899187335 ; 5 ; 5 ; montré ; halt 
0.15591581047216252 ; 6 ; 6 ; blessée ; flute 
0.13200226266157875 ; 7 ; 6 ; avançait ; rule 
0.26146733993066185 ; 10 ; 9 ; affaires ; wind 
0.26191014209316643 ; 9 ; 11 ; petites ; although 
0.15180682826553626 ; 7 ; 5 ; atterrit ; wings 
0.1502602061839048 ; 9 ; 7 ; étincelles ; sparks 
0.2850373649451134 ; 16 ; 11 ; suite ; girl 
0.015306706908201573 ; 5 ; 5 ; sifflet ; whistle 
0.20125918569851353 ; 11 ; 9 ; frère ; quick 
0.031510530256461444 ; 11 ; 10 ; trappe ; trapdoor 
0.2941415103810998 ; 8 ; 6 ; cheval ; nothin 
0.22180990943521872 ; 6 ; 7 ; tache ; higher 
0.5248700398881341 ; 71 ; 85 ; mon ; boy 
0.37682834139403776 ; 28 ; 21 ; voilà ; asleep 
0.2308884829338818 ; 11 ; 14 ; mètres ; seeker 
0.44048608028967917 ; 28 ; 21 ; tuer ; tonight 
0.14731919111039504 ; 7 ; 5 ; suivez ; roast 
0.1872763856706094 ; 7 ; 7 ; exploser ; sick 
0.22940950305919539 ; 5 ; 6 ; second ; possession 
0.3248260784594664 ; 10 ; 9 ; souriait ; poor 
0.13143255970038817 ; 7 ; 6 ; gobelins ; sausages 
0.18452857457203675 ; 6 ; 7 ; pivota ; charms 
0.13877936999090457 ; 6 ; 6 ; venue ; lightning 
0.4314088847232126 ; 40 ; 45 ; table ; table 
0.22121753781732037 ; 7 ; 6 ; imagination ; excitedly 
0.018352069463233978 ; 5 ; 5 ; mouchoir ; handkerchief 
0.4357369206124839 ; 63 ; 63 ; toute ; saw 
0.24527334501308884 ; 7 ; 6 ; déclara ; repeated 
0.165298094831976 ; 5 ; 6 ; matches ; extra 
0.3103923444899013 ; 13 ; 12 ; airs ; pull 
0.16215402756084824 ; 7 ; 7 ; potion ; lesson 
0.5031295894283137 ; 64 ; 63 ; quoi ; any 
0.10095519263084307 ; 5 ; 7 ; arbitrer ; erised 
0.17525761061759343 ; 6 ; 7 ; milliers ; excellent 
0.11758417938102872 ; 8 ; 6 ; bruits ; moonlight 
0.24571600248930014 ; 9 ; 7 ; seras ; clear 
0.3310525711810406 ; 16 ; 14 ; veut ; jumped 
0.39978909515857464 ; 30 ; 32 ; bas ; morning 
0.32120784008203535 ; 25 ; 23 ; sang ; blood 
0.2018237823255325 ; 5 ; 6 ; combat ; useful 
0.15876779774914612 ; 8 ; 6 ; existence ; repeated 
0.34985872697266873 ; 17 ; 18 ; parvint ; twelve 
0.2612403346442447 ; 14 ; 14 ; certains ; nervous 
0.27377333092494394 ; 16 ; 13 ; apprendre ; hanging 
0.36668750024164143 ; 21 ; 18 ; essayé ; neck 
0.1670826153034331 ; 7 ; 7 ; ordinaire ; yesterday 
0.13971283886208052 ; 8 ; 6 ; réveilla ; imagine 
0.22084752036750477 ; 8 ; 7 ; taches ; list 
0.25399019595441363 ; 9 ; 12 ; calme ; leaving 
0.19770793639226097 ; 6 ; 6 ; découvrir ; floating 
0.03775087464314411 ; 24 ; 28 ; gringotts ; gringotts 
0.42254909054922435 ; 22 ; 19 ; point ; raised 
0.061921900584403 ; 23 ; 23 ; licorne ; unicorn 
0.4242880061741194 ; 35 ; 30 ; peur ; everything 
0.4850825937438097 ; 45 ; 36 ; soit ; quite 
0.13942039646972137 ; 5 ; 5 ; tue ; mars 
0.4894566780932781 ; 54 ; 63 ; ici ; take 
0.20428191986330604 ; 8 ; 10 ; espoir ; stick 
0.4047265067175851 ; 27 ; 21 ; doute ; watched 
0.16104681979852148 ; 7 ; 6 ; sinistre ; everywhere 
0.3489763050636235 ; 12 ; 9 ; soleil ; silent 
0.46229982254669744 ; 68 ; 63 ; as ; saw 
0.22032447737084376 ; 7 ; 10 ; dîner ; lady 
0.4559720507849839 ; 39 ; 46 ; donc ; walked 
0.3342234279382968 ; 20 ; 21 ; regardant ; muttered 
0.5069541020033113 ; 151 ; 178 ; très ; when 
0.13181720002055228 ; 5 ; 7 ; acheté ; zoo 
0.30217401836091545 ; 11 ; 10 ; sembla ; hidden 
0.22296729331198784 ; 6 ; 5 ; directeur ; handkerchief 
0.421718826683842 ; 19 ; 15 ; empêcher ; seconds 
0.44931730574562506 ; 42 ; 47 ; savait ; moment 
0.2364240071537 ; 11 ; 10 ; aperçut ; windows 
0.1790900024532176 ; 8 ; 8 ; aide ; halfway 
0.3844778401868983 ; 18 ; 16 ; effet ; bet 
0.2937131058697142 ; 12 ; 13 ; prenait ; practice 
0.3979599171262846 ; 25 ; 25 ; deuxième ; heart 
0.42834072998213707 ; 21 ; 16 ; jeter ; walls 
0.2034349911398925 ; 10 ; 9 ; servir ; giving 
0.21915371888424437 ; 14 ; 16 ; p ; dad 
0.22250169964592226 ; 5 ; 5 ; soirée ; throw 
0.012766332957400338 ; 7 ; 6 ; couvertures ; blankets 
0.4731156184311365 ; 185 ; 194 ; comme ; like 
0.5368043686497378 ; 791 ; 625 ; des ; at 
0.135698352501884 ; 10 ; 12 ; boule ; crate 
0.314479346664676 ; 11 ; 13 ; extrémité ; hanging 
0.21881144093621796 ; 10 ; 10 ; courir ; lee 
0.22772180842947196 ; 6 ; 5 ; bonjour ; opinion 
0.15921497325960154 ; 5 ; 7 ; king ; ticket 
0.10528228055190225 ; 5 ; 5 ; tombé ; romania 
0.4663872198788492 ; 89 ; 101 ; encore ; again 
0.40849299394674504 ; 28 ; 26 ; simplement ; cold 
0.27298111887213966 ; 7 ; 5 ; banquet ; helped 
0.058103227329796586 ; 7 ; 6 ; tempête ; gettin 
0.3237547412956021 ; 24 ; 22 ; espère ; hope 
0.2005320449410231 ; 6 ; 5 ; oubliez ; throw 
0.2235407860985794 ; 12 ; 13 ; teigne ; norris 
0.20729519823286446 ; 7 ; 5 ; retrouvé ; winked 
0.40256322073544576 ; 16 ; 11 ; debout ; hundreds 
0.43759071647154263 ; 52 ; 44 ; visage ; quickly 
0.4292501549943377 ; 35 ; 26 ; ½il ; cold 
0.48634600059667077 ; 606 ; 625 ; n ; at 
0.38920950715477315 ; 20 ; 23 ; arrêta ; arms 
0.1565896978015539 ; 9 ; 10 ; man ; ravenclaw 
0.23926835745135 ; 10 ; 9 ; renvoyer ; bludger 
0.5027204520807851 ; 60 ; 85 ; garçon ; boy 
0.11236228249329189 ; 11 ; 9 ; croûtard ; compartment 
0.4702461896310213 ; 115 ; 101 ; air ; again 
0.35740656999504317 ; 16 ; 16 ; professeurs ; teachers 
0.4545975835525887 ; 51 ; 38 ; dessus ; else 
0.04841965355679334 ; 18 ; 16 ; 2000 ; nimbus 
0.24948321519737293 ; 7 ; 7 ; agit ; charms 
0.4535156706396855 ; 49 ; 34 ; votre ; side 
0.3281024722652668 ; 20 ; 15 ; dix ; angry 
0.19498429609441092 ; 9 ; 7 ; dormait ; dressed 
0.2919316251753753 ; 14 ; 11 ; revint ; cried 
0.031099725604151765 ; 17 ; 17 ; chapitre ; chapter 
0.19765170870536575 ; 5 ; 5 ; ouvrait ; transfiguration 
0.05077885774682833 ; 25 ; 27 ; touffu ; fluffy 
0.1858972693673275 ; 9 ; 7 ; paire ; peered 
0.2016716494658162 ; 320 ; 370 ; hagrid ; hagrid 
0.17541818305608103 ; 7 ; 6 ; pensée ; grown 
0.25299061704953735 ; 6 ; 5 ; triste ; office 
0.24584542233094608 ; 12 ; 15 ; appris ; flying 
0.23447506981975275 ; 8 ; 8 ; abord ; excuse 
0.018585236884271994 ; 11 ; 12 ; bibine ; hooch 
0.15651267555493437 ; 12 ; 16 ; onze ; eleven 
0.2373261166358316 ; 5 ; 5 ; mauvaise ; eggs 
0.25153276137363056 ; 17 ; 20 ; couloirs ; flitwick 
0.12152454541025537 ; 6 ; 6 ; soulagé ; losing 
0.08331558372621956 ; 6 ; 7 ; entrèrent ; uniform 
0.18043561705484346 ; 8 ; 6 ; jumelles ; mountain 
0.41166680517080523 ; 30 ; 33 ; intérieur ; getting 
0.21477399927665725 ; 8 ; 6 ; exemple ; patil 
0.0089351409260362 ; 6 ; 6 ; ha ; hoops 
0.28953988567892375 ; 13 ; 10 ; gare ; lock 
0.39766021380245753 ; 23 ; 19 ; pièces ; hut 
0.11385201215005858 ; 5 ; 6 ; réalité ; lumpy 
0.17888121535503337 ; 8 ; 7 ; lac ; thousands 
0.3968089533625267 ; 18 ; 17 ; taille ; crowd 
0.100266967026311 ; 6 ; 5 ; affaire ; scrambled 
0.258466787130063 ; 11 ; 10 ; horrible ; lady 
0.12651396418429373 ; 14 ; 20 ; seamus ; seamus 
0.09361456904431753 ; 5 ; 5 ; estomac ; teams 
0.3935592111813872 ; 21 ; 20 ; trouvait ; gasped 
0.3121684383497559 ; 13 ; 18 ; sens ; loudly 
0.2727440258116799 ; 15 ; 12 ; gauche ; tall 
0.14923938364580996 ; 8 ; 6 ; rocher ; wrist 
0.07112586932532558 ; 7 ; 6 ; saucisses ; sausages 
0.3014348201848476 ; 15 ; 12 ; sujet ; known 
0.26257627846864473 ; 10 ; 10 ; souviens ; carried 
0.20788171210334383 ; 5 ; 5 ; recherche ; becoming 
0.47173200934546555 ; 42 ; 37 ; gens ; man 
0.3102475578719663 ; 10 ; 8 ; surtout ; care 
0.22298565686899652 ; 9 ; 8 ; puisse ; truth 
0.1875801490829136 ; 5 ; 6 ; prix ; cause 
0.11346011158090892 ; 57 ; 58 ; pétunia ; petunia 
0.30412371529790133 ; 14 ; 15 ; sombre ; doors 
0.21344036770301536 ; 10 ; 14 ; élève ; spell 
0.3533798924496962 ; 27 ; 24 ; sortit ; except 
0.29596755786609724 ; 5 ; 7 ; efforts ; clutching 
0.36517676240812363 ; 13 ; 12 ; plaît ; wands 
0.1660169905182125 ; 6 ; 5 ; pourra ; badly 
0.35614825377925285 ; 19 ; 16 ; fou ; used 
0.23366113025362695 ; 7 ; 7 ; pensait ; trust 
0.029613875177995297 ; 11 ; 9 ; baron ; baron 
0.26763455153857296 ; 8 ; 6 ; chocogrenouille ; cakes 
0.17818347935666645 ; 5 ; 7 ; canon ; zoo 
0.09723992503188932 ; 5 ; 5 ; figure ; bits 
0.23208578180049205 ; 10 ; 8 ; allé ; hours 
0.29562479194307256 ; 14 ; 11 ; pencha ; spent 
0.3443013250933761 ; 13 ; 19 ; toilettes ; mom 
0.15113442397064783 ; 6 ; 6 ; épaules ; plates 
0.47926861870565646 ; 39 ; 55 ; place ; might 
0.47370875579441707 ; 32 ; 34 ; parce ; against 
0.2892787719638954 ; 20 ; 15 ; lendemain ; doors 
0.26401208381700175 ; 8 ; 7 ; prochaine ; shoulders 
0.29709435014665053 ; 12 ; 12 ; maître ; path 
0.07308698965463309 ; 8 ; 7 ; études ; uniform 
0.12930935523382406 ; 5 ; 6 ; hurlant ; perfect 
0.4584121776092081 ; 54 ; 44 ; regard ; past 
0.23282544679459988 ; 6 ; 5 ; nombre ; curiously 
0.32802793289003374 ; 14 ; 13 ; joie ; ball 
0.14163108222743492 ; 6 ; 5 ; attrape ; lines 
0.44669052131873876 ; 24 ; 31 ; entrer ; happened 
0.4336382391076188 ; 23 ; 21 ; laisser ; muttered 
0.2026187092937783 ; 6 ; 5 ; bouteilles ; danger 
0.24555698338101486 ; 8 ; 9 ; veille ; following 
0.1936437141188443 ; 8 ; 10 ; apporter ; sounded 
0.48540292646659094 ; 2087 ; 1924 ; le ; and 
0.10317908852010095 ; 12 ; 10 ; pull ; sweater 
0.13745167601513592 ; 7 ; 5 ; tableau ; gran 
0.046155021651228756 ; 6 ; 6 ; tables ; tables 
0.1947332517263964 ; 10 ; 8 ; fixés ; worth 
0.14101410233752262 ; 5 ; 5 ; garda ; closed 
0.1751707708600072 ; 5 ; 5 ; amener ; imagining 
0.4091593023078175 ; 28 ; 40 ; classe ; hat 
0.3168653853846869 ; 13 ; 15 ; remarquer ; free 
0.6516049072826862 ; 382 ; 312 ; tu ; there 
0.3600696447471377 ; 25 ; 21 ; escalier ; muttered 
0.14397913124077646 ; 6 ; 5 ; transformer ; enormous 
0.34182652542750225 ; 14 ; 19 ; releva ; arm 
0.3408967781334755 ; 23 ; 25 ; reste ; straight 
0.18445821198979068 ; 27 ; 30 ; minutes ; minutes 
0.3661235451481857 ; 11 ; 9 ; courage ; jus 
0.23858759411062758 ; 8 ; 6 ; stupéfait ; panted 
0.01713044964974819 ; 5 ; 6 ; trophées ; trophy 
0.13802019213923405 ; 6 ; 5 ; faim ; carry 
0.484809682636042 ; 34 ; 25 ; pièce ; corner 
0.30555249653622224 ; 16 ; 13 ; histoire ; expect 
0.14074764546689084 ; 5 ; 5 ; ballon ; bundle 
0.05659617285440763 ; 97 ; 101 ; mcgonagall ; mcgonagall 
0.3105043576150226 ; 25 ; 20 ; cela ; stupid 
0.2789129429433935 ; 10 ; 9 ; immobile ; lips 
0.13040729078871324 ; 6 ; 6 ; espèce ; grown 
0.46628554226892094 ; 105 ; 107 ; dire ; before 
0.26039347416908293 ; 13 ; 10 ; brusquement ; windows 
0.2804542539460991 ; 9 ; 11 ; regardèrent ; touch 
0.1472157124291132 ; 6 ; 6 ; mince ; cats 
0.21624608607795018 ; 8 ; 6 ; serrure ; shelves 
0.43002862730916674 ; 30 ; 30 ; direction ; most 
0.14099635233229396 ; 11 ; 10 ; verre ; crash 
0.11088784249229022 ; 5 ; 5 ; marbre ; archway 
0.5061196879617602 ; 36 ; 38 ; sorciers ; onto 
0.05481834275903691 ; 6 ; 8 ; barrière ; quarters 
0.3114924817333811 ; 15 ; 14 ; cheminée ; broken 
0.10123959401422022 ; 7 ; 6 ; friandises ; beans 
0.22865266544006602 ; 8 ; 8 ; aie ; interested 
0.4344312155408383 ; 42 ; 34 ; magique ; broom 
0.026312595329797447 ; 5 ; 5 ; cadeau ; present 
0.3053730677883504 ; 13 ; 14 ; facile ; broken 
0.21481474621268346 ; 11 ; 11 ; pied ; rose 
0.1165616226548652 ; 5 ; 5 ; célèbres ; grinned 
0.22475420793210454 ; 8 ; 6 ; aider ; afford 
0.29484267107672313 ; 16 ; 14 ; rester ; thick 
0.27495253172024325 ; 10 ; 13 ; parlé ; odd 
0.14532877590164897 ; 7 ; 5 ; brillaient ; bathroom 
0.04594364316693855 ; 5 ; 5 ; gras ; eaten 
0.3161679612808287 ; 11 ; 9 ; hâte ; tight 
0.10023374104759086 ; 6 ; 6 ; croyais ; dragged 
0.29897882973706386 ; 20 ; 20 ; commune ; seamus 
0.16604095111432005 ; 11 ; 8 ; 4 ; clothes 
0.3184489734492158 ; 13 ; 15 ; impossible ; break 
0.1496582777633605 ; 5 ; 5 ; ramassa ; panic 
0.18171375188036284 ; 6 ; 5 ; pensant ; faster 
0.20552809881006393 ; 5 ; 6 ; fila ; hurrying 
0.34169470256492396 ; 14 ; 11 ; moitié ; happen 
0.40282580588277456 ; 24 ; 30 ; haut ; red 
0.02756182497339399 ; 6 ; 6 ; préfets ; prefects 
0.15175906063188677 ; 5 ; 6 ; retournèrent ; below 
0.20858955566774565 ; 10 ; 7 ; chasse ; visit 
0.301669938140911 ; 13 ; 15 ; serdaigle ; ghost 
0.16080976154467047 ; 5 ; 5 ; chef ; groaned 
0.09917623097946407 ; 15 ; 13 ; pomfresh ; pomfrey 
0.23297387582171247 ; 15 ; 17 ; jouer ; fifty 
0.01577624805312927 ; 7 ; 8 ; poursuiveurs ; chasers 
0.18804048353872477 ; 8 ; 8 ; éloigner ; suggested 
0.2854149190493328 ; 12 ; 15 ; couleur ; shoulder 
0.270579103918954 ; 13 ; 17 ; douleur ; pain 
0.18410913651592298 ; 6 ; 6 ; bonheur ; b 
0.15264827801932557 ; 10 ; 8 ; fantôme ; sorting 
0.48282667304505744 ; 105 ; 94 ; voir ; way 
0.3235449065867592 ; 16 ; 19 ; garde ; thousand 
0.05976205431413614 ; 11 ; 10 ; halloween ; halloween 
0.06184562565613683 ; 7 ; 6 ; étagères ; shelves 
0.27723210862790304 ; 18 ; 21 ; coupe ; cup 
0.3047862788774177 ; 10 ; 7 ; confiance ; ways 
0.06583665031494293 ; 6 ; 5 ; coffre ; archway 
0.49936946430114965 ; 65 ; 69 ; ont ; school 
0.36063727842134513 ; 18 ; 17 ; dis ; lay 
0.27623185543030226 ; 10 ; 7 ; eau ; sick 
0.145068763030916 ; 6 ; 7 ; disant ; kicked 
0.1695911234631649 ; 6 ; 6 ; porc ; headless 
0.4497184314309188 ; 99 ; 82 ; grand ; left 
0.4984982316929251 ; 133 ; 169 ; rien ; looked 
0.13419062373377083 ; 6 ; 8 ; réussir ; halfway 
0.2753342673948265 ; 13 ; 14 ; essaye ; sudden 
0.2377818504770149 ; 9 ; 9 ; arriva ; gets 
0.006731071836297398 ; 16 ; 19 ; firenze ; firenze 
0.2659996974350271 ; 5 ; 5 ; acclamations ; winning 
0.31816176842767063 ; 85 ; 79 ; poudlard ; hogwarts 
0.20970410967185513 ; 6 ; 6 ; claqua ; gently 
0.2007228056285602 ; 6 ; 8 ; comprenez ; moving 
0.2832011109341168 ; 11 ; 11 ; maman ; written 
0.4008691155474669 ; 35 ; 33 ; part ; give 
0.20136335982947673 ; 5 ; 6 ; mangeait ; floating 
0.18570828791170477 ; 6 ; 7 ; raisons ; murmured 
0.3039666392173337 ; 7 ; 7 ; aurai ; hiding 
0.13219630131263083 ; 7 ; 5 ; sourit ; enchantments 
0.401303609850326 ; 24 ; 17 ; loin ; understand 
0.21019351720028773 ; 9 ; 8 ; préviens ; warning 
0.2532801780007211 ; 15 ; 15 ; amis ; friends 
0.11057697375453085 ; 6 ; 5 ; connaissait ; faster 
0.41591701143664284 ; 43 ; 37 ; venait ; stood 
0.24506742092905176 ; 8 ; 7 ; malade ; rubbish 
0.12125427823974716 ; 94 ; 86 ; gryffondor ; gryffindor 
0.19021609993244754 ; 5 ; 6 ; étroit ; clambered 
0.2154843898658022 ; 9 ; 8 ; pouvaient ; chasers 
0.3221687467977281 ; 13 ; 11 ; genoux ; usually 
0.2925892496289366 ; 10 ; 9 ; douze ; parcel 
0.3917881751994448 ; 26 ; 22 ; voyait ; rather 
0.49924662768583644 ; 809 ; 967 ; s ; in 
0.4911792243750709 ; 161 ; 178 ; tête ; when 
0.3087471105097972 ; 17 ; 15 ; voulu ; doors 
0.24468563884565728 ; 10 ; 7 ; ennuis ; waited 
0.2884998123565514 ; 11 ; 12 ; habitude ; known 
0.3566413562680172 ; 18 ; 20 ; chacun ; idea 
0.18898611288333808 ; 5 ; 5 ; hurlements ; age 
0.4123398161926491 ; 37 ; 33 ; présent ; getting 
0.033374643886169286 ; 12 ; 13 ; hedwige ; hedwig 
0.3222492770044706 ; 14 ; 15 ; suivre ; others 
0.14162261944425913 ; 5 ; 6 ; utile ; split 
0.4310862493044272 ; 625 ; 794 ; dit ; said 
0.1416237353031703 ; 5 ; 5 ; joueur ; names 
0.3749071333246415 ; 23 ; 17 ; marmonna ; threw 
0.41558429779857015 ; 79 ; 77 ; déjà ; turned 
0.49055011131102116 ; 52 ; 41 ; train ; always 
0.35883647391709994 ; 28 ; 26 ; tourna ; those 
0.2887820939492393 ; 7 ; 5 ; détestait ; slithering 
0.25773871887883576 ; 8 ; 6 ; ravi ; moaned 
0.23549965829636108 ; 6 ; 5 ; rangée ; barely 
0.36055018409778117 ; 15 ; 20 ; étage ; slowly 
0.3951730816775523 ; 25 ; 23 ; entrée ; shut 
0.11459525676495337 ; 5 ; 5 ; rassemblés ; bits 
0.30768101617660676 ; 15 ; 14 ; soupira ; mail 
0.25488738951499584 ; 10 ; 9 ; gorge ; tight 
0.343352499000666 ; 26 ; 26 ; autant ; holding 
0.3681329265460004 ; 28 ; 23 ; tes ; seven 
0.4137074613298326 ; 20 ; 15 ; pensa ; also 
0.3001082202285494 ; 20 ; 18 ; imagine ; wearing 
0.25882822782212234 ; 10 ; 12 ; bouger ; lying 
0.413961415120805 ; 27 ; 22 ; oh ; isn 
0.14121677507486227 ; 7 ; 6 ; vieilles ; computer 
0.28347042740648354 ; 12 ; 11 ; jours ; days 
0.4271027783620873 ; 61 ; 47 ; enfin ; almost 
0.047262698961525115 ; 29 ; 24 ; bibliothèque ; library 
0.2471536368907951 ; 17 ; 20 ; pâle ; pale 
0.3839700691014573 ; 19 ; 15 ; ans ; low 
0.12710919745137414 ; 5 ; 5 ; pensé ; minds 
0.1506141805172599 ; 7 ; 5 ; cassé ; neat 
0.5990132258320544 ; 51 ; 37 ; miroir ; troll 
0.1733711845870497 ; 7 ; 6 ; évidence ; completely 
0.12979202665984177 ; 5 ; 5 ; idiots ; complain 
0.08333602476000163 ; 5 ; 7 ; étudiants ; goblins 
0.08673209255714567 ; 5 ; 7 ; 5 ; shops 
0.09561850423166951 ; 6 ; 6 ; mets ; lie 
0.15477639499502688 ; 7 ; 5 ; arbres ; captain 
0.2546474675645153 ; 12 ; 11 ; gardien ; keeper 
0.16543202588303985 ; 7 ; 7 ; championnat ; binoculars 
0.19430940142082828 ; 9 ; 7 ; rose ; underground 
0.1548881699337506 ; 99 ; 112 ; quirrell ; quirrell 
0.20325080071151924 ; 6 ; 5 ; guise ; present 
0.4137724555046226 ; 26 ; 21 ; acheter ; car 
0.13586043390921054 ; 5 ; 5 ; dragées ; ginny 
0.16864827182238434 ; 8 ; 8 ; ½ufs ; cry 
0.39724813495529343 ; 48 ; 43 ; tard ; later 
0.270393510306532 ; 11 ; 11 ; rendit ; food 
0.11770745142018657 ; 5 ; 6 ; kraft ; hungry 
0.3383989242082731 ; 15 ; 14 ; façon ; london 
0.3405070635558189 ; 11 ; 10 ; larmes ; balls 
0.10812526929693639 ; 61 ; 63 ; baguette ; wand 
0.18522437368502903 ; 12 ; 10 ; rêve ; dream 
0.17308395158372136 ; 7 ; 9 ; bel ; news 
0.11380886014565217 ; 11 ; 12 ; échecs ; chess 
0.49021770069518356 ; 46 ; 44 ; passer ; past 
0.22862895326759325 ; 5 ; 5 ; parcoururent ; transfiguration 
0.5250894095601829 ; 33 ; 25 ; cet ; sight 
0.3097803317077272 ; 15 ; 12 ; savais ; difficult 
0.13492431768836244 ; 5 ; 5 ; rideaux ; lines 
0.40338916516899537 ; 20 ; 18 ; notre ; sleep 
0.23012369302849683 ; 7 ; 9 ; tournait ; lips 
0.3270823833958745 ; 15 ; 12 ; connaître ; hung 
0.5071174200689518 ; 788 ; 836 ; se ; t 
0.10801151652388602 ; 5 ; 7 ; envoyée ; lesson 
0.16836277027719454 ; 5 ; 5 ; changé ; bring 
0.1316386919415922 ; 5 ; 5 ; étonna ; groaned 
0.01368829312593954 ; 7 ; 7 ; lily ; lily 
0.18335494215157078 ; 7 ; 5 ; don ; believed 
0.4814584614473868 ; 64 ; 47 ; faut ; moment 
0.1916835417577485 ; 8 ; 7 ; mêmes ; visit 
0.0859107016469303 ; 5 ; 7 ; ferait ; shops 
0.13152214167271653 ; 10 ; 10 ; quai ; barrier 
0.3394536258608542 ; 13 ; 11 ; parfaitement ; least 
0.27803958644958404 ; 13 ; 10 ; hurla ; pulling 
0.19209030201867983 ; 5 ; 6 ; enfourcha ; training 
0.15983272435475465 ; 6 ; 5 ; produit ; pretending 
0.15065497863947463 ; 5 ; 6 ; indiquait ; fixed 
0.16440560357591652 ; 7 ; 6 ; disaient ; moaned 
0.4546125306021325 ; 88 ; 65 ; non ; must 
0.07795865630808824 ; 5 ; 6 ; grogna ; clambered 
0.20063633031663652 ; 9 ; 9 ; lèvres ; lips 
0.3318374404044751 ; 14 ; 11 ; voie ; inches 
0.21177970415823053 ; 10 ; 7 ; trouvaient ; sick 
0.2554278562902441 ; 6 ; 7 ; talons ; kicked 
0.2937139023268085 ; 12 ; 13 ; bizarre ; middle 
0.02652645054313163 ; 6 ; 5 ; massue ; chaser 
0.4589023911494905 ; 133 ; 132 ; quelque ; something 
0.26742818657083195 ; 9 ; 7 ; brillait ; wrapped 
0.18446093168260977 ; 6 ; 5 ; observer ; mumbled 
0.2338409316369517 ; 8 ; 7 ; argentée ; kicked 
0.29239279362481907 ; 8 ; 9 ; reprendre ; toilet 
0.17356122320808692 ; 5 ; 5 ; dépêche ; forever 
0.33566010618178965 ; 28 ; 23 ; bouche ; staring 
0.30748892601313194 ; 14 ; 11 ; éviter ; usually 
0.2320816152447429 ; 7 ; 5 ; file ; stare 
0.3737084606207297 ; 18 ; 13 ; penser ; seized 
0.2537792010252964 ; 9 ; 8 ; poste ; knocking 
0.006327298801331538 ; 15 ; 20 ; ronan ; ronan 
0.4318880659336528 ; 43 ; 34 ; seul ; top 
0.22541032409930967 ; 10 ; 8 ; réponse ; worth 
0.16329613270157245 ; 5 ; 6 ; excusez ; pinned 
0.3370640102499868 ; 18 ; 14 ; cependant ; hour 
0.36713548244642896 ; 40 ; 35 ; murmura ; whispered 
0.4670220978726947 ; 72 ; 63 ; lorsqu ; took 
0.2713179669961078 ; 12 ; 10 ; revenir ; lock 
0.3470453975527356 ; 14 ; 16 ; coucher ; important 
0.09970206396464276 ; 31 ; 40 ; chapeau ; hat 
0.47743618864418674 ; 31 ; 31 ; endroit ; green 
0.04928850088863168 ; 6 ; 8 ; choixpeau ; sorting 
0.06658066681756125 ; 6 ; 6 ; mer ; h 
0.1568833359032783 ; 6 ; 5 ; moyen ; breathe 
0.19431772497757133 ; 6 ; 6 ; frapper ; hurrying 
0.11799791256580716 ; 5 ; 7 ; écarlates ; brave 
0.05315008045393868 ; 57 ; 57 ; cape ; cloak 
0.31672046773010953 ; 13 ; 14 ; cage ; sister 
0.42089414689039095 ; 30 ; 37 ; prit ; gave 
0.6439017851562037 ; 30 ; 24 ; mrs ; cat 
0.16760240490594908 ; 6 ; 7 ; lisait ; moon 
0.4884313306961139 ; 339 ; 398 ; tout ; all 
0.46408728247034076 ; 285 ; 238 ; bien ; so 
0.04022980947057168 ; 5 ; 7 ; citron ; lemon 
0.09946081663311979 ; 35 ; 44 ; hibou ; owl 
0.16534320146630277 ; 6 ; 7 ; sec ; joke 
0.0788053748268871 ; 5 ; 6 ; monnaie ; wizardry 
0.21332785090579834 ; 14 ; 12 ; donne ; leaving 
0.11214451733763409 ; 5 ; 5 ; connaissance ; grinned 
0.5234261116328935 ; 67 ; 45 ; petit ; sat 
0.1420735076595916 ; 5 ; 5 ; volé ; contact 
0.43301966152614124 ; 49 ; 47 ; long ; lot 
0.3109045865182929 ; 12 ; 9 ; vent ; water 
0.3175308413250984 ; 21 ; 23 ; difficile ; finally 
0.23353087300593695 ; 10 ; 10 ; quiconque ; fear 
0.13438171406036237 ; 5 ; 5 ; faudra ; bellowed 
0.29334301539427 ; 17 ; 15 ; rouge ; low 
0.2503671761044883 ; 10 ; 11 ; vérité ; midnight 
0.2615123087035211 ; 14 ; 19 ; ouvrir ; pleased 
0.030345622009973927 ; 5 ; 6 ; sapin ; restricted 
0.19273434916510412 ; 5 ; 6 ; cartes ; planets 
0.48224255810061667 ; 1534 ; 1691 ; un ; a 
0.13838368915110888 ; 6 ; 7 ; bonbons ; underground 
0.35271743874986455 ; 19 ; 15 ; écrit ; angry 
0.30224054470895 ; 26 ; 22 ; seule ; hardly 
0.22992013647630138 ; 10 ; 7 ; protéger ; finding 
0.12944326171551798 ; 8 ; 7 ; posé ; visit 
0.13698666928403258 ; 7 ; 6 ; volant ; eight 
0.41971254512160655 ; 36 ; 26 ; leva ; holding 
0.10164282857048296 ; 5 ; 7 ; malgré ; newspaper 
0.5125375330832119 ; 527 ; 485 ; c ; but 
0.3405024288170653 ; 13 ; 12 ; fils ; forehead 
0.39091934015229124 ; 28 ; 19 ; attention ; wait 
0.21702933918279074 ; 11 ; 11 ; mort ; burst 
0.3410989697206428 ; 17 ; 13 ; sommet ; package 
0.2175526865666535 ; 10 ; 11 ; parti ; underneath 
0.2384968519180256 ; 6 ; 7 ; combien ; thinks 
0.48063198877237134 ; 143 ; 107 ; où ; before 
0.17487479252574212 ; 6 ; 7 ; fébrile ; means 
0.4655416438357781 ; 56 ; 43 ; leurs ; later 
0.3945308472046852 ; 24 ; 24 ; pourrait ; catch 
0.18716153341822894 ; 10 ; 10 ; expliquer ; kind 
0.3233964250084921 ; 25 ; 19 ; accord ; waiting 
0.3073077753618769 ; 11 ; 13 ; arrière ; paper 
0.191052853524057 ; 7 ; 5 ; photos ; blinked 
0.05901221282325887 ; 14 ; 16 ; privet ; privet 
0.2648048206988593 ; 14 ; 10 ; lumière ; crash 
0.36328095702038654 ; 17 ; 13 ; attraper ; lose 
0.30697496344632225 ; 9 ; 12 ; poursuivit ; tall 
0.4342886080895726 ; 78 ; 93 ; ton ; face 
0.20968936327217155 ; 9 ; 7 ; commencé ; flash 
0.4910419389224495 ; 66 ; 62 ; avez ; dark 
0.15103721389125854 ; 18 ; 24 ; célèbre ; famous 
0.23853077744132298 ; 45 ; 48 ; magie ; magic 
0.25540303644865076 ; 10 ; 7 ; commence ; entered 
0.2929381906537496 ; 11 ; 12 ; laissé ; knees 
0.12012964533386838 ; 5 ; 5 ; oublie ; helped 
0.24294090846974142 ; 8 ; 9 ; attendant ; drew 
0.2657296418340979 ; 12 ; 10 ; sentait ; kind 
0.19522833750934693 ; 7 ; 8 ; fantômes ; sorting 
0.11823885755757632 ; 5 ; 6 ; protesta ; mine 
0.27602050083289986 ; 44 ; 36 ; père ; father 
0.37113567898774247 ; 16 ; 13 ; boîte ; gray 
0.41606118040790185 ; 22 ; 16 ; passe ; bet 
0.2496770026948606 ; 13 ; 11 ; têtes ; lessons 
0.19867469471303073 ; 5 ; 5 ; capable ; sticks 
0.46735690468463836 ; 62 ; 72 ; beaucoup ; seemed 
0.46949948141736825 ; 110 ; 107 ; avoir ; before 
0.1893812852736609 ; 5 ; 5 ; appelé ; frightened 
0.17532151623277314 ; 5 ; 5 ; approchèrent ; fangs 
0.08945092613064864 ; 7 ; 7 ; devoirs ; homework 
0.509172612423049 ; 151 ; 150 ; jamais ; by 
0.22886142592143194 ; 6 ; 7 ; examina ; evil 
0.29891330390839577 ; 26 ; 18 ; peeves ; fang 
0.11158871449780972 ; 5 ; 5 ; tien ; excitement 
0.25243861836724724 ; 12 ; 12 ; fille ; possible 
0.16659065051301988 ; 6 ; 5 ; douzaine ; mumbled 
0.2566462063300041 ; 8 ; 7 ; appelait ; grunted 
0.4897735943085961 ; 450 ; 416 ; sur ; with 
0.14585655464447578 ; 9 ; 7 ; failli ; notes 
0.2076821617235065 ; 8 ; 6 ; hé ; tables 
0.2642578095987828 ; 12 ; 12 ; décidé ; expected 
0.19309913743389595 ; 8 ; 9 ; parc ; wing 
0.410743779647062 ; 26 ; 19 ; regarde ; turn 
0.23358548457423814 ; 15 ; 14 ; assez ; hour 
0.3852991901481627 ; 22 ; 21 ; noir ; talk 
0.3692676922697672 ; 21 ; 21 ; dernière ; cup 
0.47205552448421284 ; 83 ; 77 ; fit ; turned 
0.46925495680481255 ; 123 ; 107 ; demanda ; before 
0.2704258920543824 ; 13 ; 10 ; oreille ; keeping 
0.15485278458035576 ; 6 ; 5 ; casser ; collapsed 
0.25916980144819446 ; 5 ; 5 ; résultat ; fool 
0.26951120987937366 ; 16 ; 16 ; suffit ; dad 
0.182643240513516 ; 8 ; 6 ; ami ; mine 
0.14499062219545586 ; 114 ; 104 ; potter ; potter 
0.13629479376301454 ; 5 ; 7 ; put ; ignored 
0.08309854950933415 ; 5 ; 5 ; banc ; breathe 
0.14199911911299412 ; 5 ; 7 ; soixante ; feast 
0.30672037426412874 ; 15 ; 14 ; serais ; nasty 
0.4442517307952769 ; 58 ; 47 ; moment ; moment 
0.3455791630390018 ; 20 ; 15 ; dernier ; others 
0.14704334328036828 ; 6 ; 8 ; lâcha ; reflection 
0.44517418644612217 ; 45 ; 33 ; ait ; getting 
0.185658053786249 ; 5 ; 5 ; plaisir ; carry 
0.42184950570572566 ; 33 ; 29 ; exclama ; noticed 
0.19583524805224545 ; 10 ; 10 ; magasin ; barrier 
0.220634467753607 ; 1191 ; 1327 ; harry ; harry 
0.10286700564594928 ; 25 ; 24 ; chat ; cat 
0.042060169562575744 ; 40 ; 39 ; percy ; percy 
0.26065248720293244 ; 9 ; 7 ; suivant ; clutching 
0.14723378047119326 ; 5 ; 5 ; centaines ; twitched 
0.17119420937064123 ; 10 ; 7 ; enfants ; pressed 
0.1481470410351244 ; 26 ; 21 ; voiture ; street 
0.1988664995988143 ; 8 ; 7 ; hurler ; safely 
0.3545399318659278 ; 11 ; 13 ; aimerais ; die 
0.2341163215212114 ; 10 ; 7 ; aise ; grunted 
0.5004408888227763 ; 49 ; 34 ; bras ; place 
0.5259048423980495 ; 123 ; 142 ; vers ; around 
0.49199207401662115 ; 635 ; 688 ; ce ; that 
0.4682979156700783 ; 101 ; 105 ; quand ; even 
0.21931017322324145 ; 8 ; 7 ; semblant ; shoulders 
0.16572151858597314 ; 7 ; 5 ; neige ; helped 
0.23190471918948127 ; 7 ; 6 ; ouvert ; stretched 
0.40971690280658335 ; 20 ; 18 ; ceux ; knocked 
0.15387954199321902 ; 7 ; 10 ; cessait ; pockets 
0.11313820983082559 ; 5 ; 5 ; vienne ; bundle 
0.15377941430108205 ; 6 ; 5 ; enlever ; romania 
0.15772597181167713 ; 5 ; 6 ; dirent ; gamekeeper 
0.3198018776465754 ; 13 ; 11 ; heureux ; cried 
0.28778853522262066 ; 11 ; 13 ; font ; hanging 
0.30308980752256176 ; 12 ; 11 ; entendait ; nobody 
0.19187494602629707 ; 5 ; 6 ; regardaient ; shelves 
0.21534998312442527 ; 16 ; 13 ; dortoir ; teacher 
0.18814783394330983 ; 6 ; 5 ; appeler ; adventure 
0.2749165253077602 ; 12 ; 9 ; dut ; knock 
0.16723974939501418 ; 6 ; 5 ; sentiment ; cards 
0.17008698386376914 ; 15 ; 15 ; lunettes ; glasses 
0.19875749690406322 ; 6 ; 5 ; piqué ; faint 
0.45581753879122217 ; 40 ; 44 ; toutes ; second 
0.12004926663824385 ; 5 ; 6 ; hirsute ; everywhere 
0.18287892288261876 ; 6 ; 6 ; âge ; nearest 
0.44660059332777596 ; 61 ; 64 ; nouveau ; trying 
0.2747767583487175 ; 10 ; 9 ; brillant ; knock 
0.05761747722515749 ; 10 ; 11 ; minuit ; midnight 
0.12904299049833168 ; 5 ; 5 ; fraise ; gran 
0.27338956213495025 ; 12 ; 11 ; vieille ; usually 
0.21551973700017613 ; 5 ; 6 ; seconde ; lurking 
0.40426086664270894 ; 36 ; 26 ; chercher ; weren 
0.48621294585315916 ; 170 ; 178 ; alors ; when 
0.4828448263974527 ; 1064 ; 967 ; d ; in 
0.1505093587103903 ; 5 ; 6 ; valait ; wonderful 
0.4823616151277653 ; 66 ; 71 ; tandis ; toward 
0.09947259901124468 ; 13 ; 14 ; s½ur ; sister 
0.16108427239145173 ; 5 ; 6 ; aboya ; hide 
0.20300976017219802 ; 6 ; 6 ; devenait ; speeding 
0.10677092301402369 ; 5 ; 6 ; sortilège ; ghosts 
0.07756591014310331 ; 5 ; 6 ; bacon ; shooting 
0.17386230992397034 ; 7 ; 9 ; occuper ; study 
0.15674304752759427 ; 7 ; 6 ; interdite ; rid 
0.1862127107379318 ; 5 ; 5 ; folle ; imagining 
0.15945460720246124 ; 13 ; 9 ; manteau ; thirty 
0.2569199521138876 ; 7 ; 7 ; pense ; clear 
0.4053937882987215 ; 26 ; 21 ; essaya ; watched 
0.24825129399281864 ; 8 ; 6 ; balbutia ; tired 
0.27279738365960304 ; 9 ; 7 ; pauvre ; fine 
0.14382446432348406 ; 5 ; 7 ; examiner ; sprang 
0.18673003521360676 ; 5 ; 5 ; spectacle ; wings 
0.16636332172989088 ; 7 ; 6 ; assiette ; planets 
0.1759735170304179 ; 7 ; 5 ; parole ; clapping 
0.017621017398455063 ; 5 ; 6 ; voies ; platforms 
0.40575298908317003 ; 48 ; 54 ; semblait ; things 
0.19537301015270211 ; 7 ; 6 ; simple ; stretched 
0.15956172897540355 ; 9 ; 8 ; portrait ; marched 
0.21769187409804175 ; 6 ; 6 ; bizarres ; eight 
0.35962553085324167 ; 45 ; 44 ; points ; points 
0.3452499409814716 ; 16 ; 14 ; rendu ; pink 
0.37943332323452583 ; 16 ; 16 ; carte ; instead 
0.14370350931246184 ; 6 ; 6 ; monta ; struck 
0.20652296858559263 ; 9 ; 7 ; cris ; ignored 
0.3414888637912009 ; 11 ; 10 ; important ; vault 
0.2756784986078088 ; 9 ; 8 ; envoie ; hate 
0.40009809935410495 ; 21 ; 19 ; paraissait ; run 
0.2671736478923452 ; 8 ; 7 ; hurlement ; hissed 
0.16737287648167673 ; 5 ; 5 ; déposa ; groaned 
0.33384568137400866 ; 15 ; 12 ; fini ; explain 
0.3692067615958665 ; 16 ; 20 ; demandé ; ceiling 
0.1613010629620797 ; 6 ; 7 ; suivirent ; homework 
0.09613001805121903 ; 5 ; 6 ; auriez ; plates 
0.2205514007593592 ; 5 ; 7 ; neutraliser ; sprang 
0.22995669160472565 ; 9 ; 7 ; grandes ; thinks 
0.33090578352437516 ; 20 ; 19 ; ajouta ; thousand 
0.21235753207375196 ; 6 ; 5 ; sueur ; bellowed 
0.2912217430357036 ; 8 ; 6 ; savaient ; older 
0.4333993668152453 ; 30 ; 31 ; trouver ; happened 
0.1546675383515333 ; 5 ; 6 ; horrifié ; repeated 
0.4374038486642672 ; 57 ; 65 ; sûr ; must 
0.0016345149097365173 ; 6 ; 6 ; perceuses ; drills 
0.342240859879375 ; 41 ; 30 ; parler ; everything 
0.19933125790628275 ; 8 ; 6 ; précaution ; excitedly 
0.020763822076931393 ; 5 ; 5 ; roumanie ; romania 
0.19081049238107067 ; 8 ; 10 ; nerveux ; single 
0.31594563168211576 ; 12 ; 10 ; jambe ; stairs 
0.2323890408582181 ; 19 ; 24 ; semaine ; week 
0.2262666485594954 ; 8 ; 8 ; différentes ; suggested 
0.11624607072209336 ; 5 ; 5 ; terrifié ; lower 
0.3442455533047998 ; 28 ; 21 ; grands ; mouth 
0.21969905585471342 ; 8 ; 6 ; remarqué ; nearest 
0.232655359867382 ; 13 ; 10 ; apparut ; throwing 
0.16052702268869778 ; 5 ; 7 ; siège ; boats 
0.10773828533181862 ; 5 ; 5 ; emmener ; boa 
0.20364596968942944 ; 6 ; 5 ; vient ; becoming 
0.315373937919432 ; 17 ; 15 ; aura ; doors 
0.22607425878619697 ; 7 ; 5 ; eh ; wore 
0.5138857540855598 ; 53 ; 37 ; mère ; full 
0.39085485579193957 ; 23 ; 20 ; ciel ; fast 
0.20576315193028882 ; 6 ; 7 ; blanche ; summat 
0.28964336367772303 ; 8 ; 10 ; serré ; whether 
0.4396751586612309 ; 56 ; 44 ; entre ; second 
0.360201976741672 ; 19 ; 17 ; papier ; threw 
0.03034187245104092 ; 11 ; 10 ; plante ; plant 
0.0329519483410148 ; 38 ; 38 ; voldemort ; voldemort 
0.12306917259549763 ; 5 ; 5 ; large ; strangely 
0.3317856809306001 ; 17 ; 12 ; assura ; known 
0.2919222860846513 ; 11 ; 10 ; vêtements ; baby 
0.44313026256081667 ; 45 ; 38 ; es ; kept 
0.3567949721622378 ; 32 ; 36 ; paquet ; father 
0.2367185816214333 ; 6 ; 5 ; livide ; lower 
0.27724287888445864 ; 10 ; 13 ; eurent ; package 
0.4315945233794815 ; 35 ; 30 ; allez ; everything 
0.16189558303493262 ; 6 ; 7 ; dangereux ; worked 
0.0815823354361222 ; 6 ; 7 ; filles ; girls 
0.15622904196438578 ; 5 ; 7 ; aient ; bacon 
0.48464046587402976 ; 83 ; 66 ; aurait ; made 
0.4624325401438515 ; 47 ; 49 ; ma ; course 
0.21860839010356536 ; 7 ; 5 ; terrible ; horse 
0.21695821358509354 ; 11 ; 13 ; bée ; finished 
0.22299136378778017 ; 7 ; 8 ; hauteur ; teach 
0.32876443321272364 ; 12 ; 12 ; éleva ; grabbed 
0.19338949006479667 ; 6 ; 5 ; frisson ; music 
0.06787826331445479 ; 5 ; 5 ; filet ; lies 
0.21846386828884604 ; 10 ; 10 ; apparemment ; reminded 
0.31783771139780703 ; 15 ; 15 ; murs ; also 
0.48787825915131194 ; 2039 ; 1924 ; la ; and 
0.4427717401639878 ; 27 ; 34 ; dès ; doing 
0.12712226494407308 ; 6 ; 5 ; 713 ; plastic 
0.16591292831438087 ; 8 ; 6 ; posée ; lightning 
0.2908503729055454 ; 11 ; 11 ; trou ; breakfast 
0.34218496183153413 ; 19 ; 16 ; attendait ; above 
0.415316432966511 ; 33 ; 33 ; bout ; getting 
0.1561809754033951 ; 6 ; 6 ; exactement ; grin 
0.4869107869538319 ; 82 ; 60 ; sais ; while 
0.1776149509478829 ; 7 ; 5 ; voulez ; bringing 
0.31443644376638746 ; 12 ; 12 ; fond ; smell 
0.43239777799936496 ; 29 ; 33 ; mot ; getting 
0.4712713479805297 ; 44 ; 48 ; sorcier ; wizard 
0.10060528521079048 ; 24 ; 28 ; nicolas ; flamel 
0.12182324275485704 ; 7 ; 5 ; bougea ; pop 
0.2740191270024237 ; 13 ; 10 ; années ; jerked 
0.18249500940633218 ; 6 ; 5 ; sortirent ; teams 
0.23417452294753782 ; 10 ; 8 ; frappa ; cheer 
0.4405959715766642 ; 15 ; 16 ; milieu ; eleven 
0.14692193032357884 ; 7 ; 6 ; animal ; everywhere 
0.3974473004149929 ; 32 ; 26 ; sentit ; able 
0.17565039500159918 ; 10 ; 7 ; barbe ; slammed 
0.010353454247554517 ; 6 ; 6 ; réserve ; restricted 
0.5229107458820322 ; 452 ; 370 ; son ; for 
0.4028119453453942 ; 22 ; 18 ; savez ; usual 
0.036058378066450666 ; 5 ; 6 ; filantes ; drills 
0.20155099815951188 ; 7 ; 5 ; hâta ; sticks 
0.17410412849335793 ; 6 ; 5 ; refusa ; friendly 
0.2583730542990834 ; 10 ; 11 ; dormir ; least 
0.4460750497151824 ; 41 ; 38 ; entendu ; else 
0.26857814503784627 ; 21 ; 23 ; frères ; charlie 
0.13830262592552278 ; 5 ; 5 ; mystérieux ; perfectly 
0.4494093139432909 ; 22 ; 19 ; droit ; taking 
0.36608342404862504 ; 17 ; 13 ; arrivé ; foot 
0.12830532040061254 ; 19 ; 20 ; plafond ; ceiling 
0.25071823555502437 ; 9 ; 8 ; poitrine ; witches 
0.24723055403510794 ; 7 ; 8 ; intervint ; suggested 
0.26044168132147166 ; 9 ; 9 ; sorte ; change 
0.27471498549139434 ; 12 ; 9 ; noires ; fly 
0.3470500643681679 ; 20 ; 19 ; plutôt ; turn 
0.19997600459728393 ; 6 ; 6 ; secondes ; repeated 
0.16625727077201316 ; 5 ; 5 ; pourrai ; enchantments 
0.0244604005747171 ; 22 ; 23 ; charlie ; charlie 
0.19270307372140982 ; 5 ; 5 ; pleines ; halt 
0.4176489507252777 ; 33 ; 25 ; tenait ; heart 
0.15834157035698074 ; 6 ; 5 ; suivi ; excitement 
0.4743086067381887 ; 109 ; 95 ; aux ; come 
0.2449262535158897 ; 12 ; 11 ; venu ; least 
0.28719382746707584 ; 15 ; 14 ; horreur ; worse 
0.13586050556987472 ; 6 ; 5 ; observa ; oak 
0.16444156699200072 ; 10 ; 7 ; vieil ; lily 
0.10003460152222737 ; 6 ; 7 ; finnigan ; finnigan 
0.26080543426428937 ; 14 ; 10 ; centimètres ; draco 
0.24644080437921456 ; 11 ; 10 ; noirs ; luck 
0.2153011269311657 ; 17 ; 16 ; garder ; nimbus 
0.032398723920129435 ; 7 ; 7 ; buts ; goal 
0.4495491771323681 ; 34 ; 34 ; grosse ; best 
0.1734553101116771 ; 5 ; 5 ; traversait ; minds 
0.16910005272484543 ; 7 ; 5 ; auprès ; enormous 
0.18892912422843924 ; 10 ; 14 ; tel ; hurried 
0.5645957848357989 ; 139 ; 138 ; m ; how 
0.12806063608714846 ; 5 ; 6 ; jouait ; possession 
0.2156567303502816 ; 5 ; 5 ; raide ; upset 
0.5175641307746917 ; 100 ; 93 ; va ; than 
0.4369152683046407 ; 58 ; 48 ; maintenant ; enough 
0.2138803280083306 ; 8 ; 6 ; genre ; pack 
0.09882842014569496 ; 5 ; 5 ; voulaient ; mood 
0.4095612619867425 ; 59 ; 55 ; après ; might 
0.1777964435228776 ; 6 ; 5 ; pourrais ; wiping 
0.19796050815614197 ; 56 ; 48 ; weasley ; weasley 
0.5023027509426694 ; 886 ; 967 ; qu ; in 
0.1779657810842948 ; 36 ; 38 ; cheveux ; hair 
0.10802883315271838 ; 6 ; 5 ; camp ; kid 
0.3723510185971335 ; 22 ; 18 ; disparu ; home 
0.33712853078191174 ; 11 ; 10 ; sûrement ; slipped 
0.47715009265672576 ; 44 ; 32 ; choses ; morning 
0.17286985477157701 ; 5 ; 6 ; hocha ; grin 
0.24478758740114226 ; 12 ; 13 ; envoyer ; tower 
0.1367209126404604 ; 5 ; 6 ; fonça ; below 
0.2291801077190134 ; 6 ; 5 ; pointa ; groaned 
0.4591314643579252 ; 40 ; 46 ; chez ; letter 
0.45449178852565547 ; 49 ; 38 ; bon ; new 
0.4125299913101893 ; 38 ; 47 ; presque ; almost 
0.24247741275492463 ; 9 ; 10 ; inutile ; baby 
0.03385212435018409 ; 8 ; 10 ; baveur ; leaky 
0.22201834710235568 ; 8 ; 6 ; semblable ; plates 
0.2641103087478893 ; 8 ; 6 ; oublier ; mine 
0.22229835398082368 ; 10 ; 11 ; occupé ; furiously 
0.30328901393121177 ; 11 ; 10 ; choc ; brown 
0.20689342691911206 ; 6 ; 5 ; vêtue ; carry 
0.16795157660985177 ; 10 ; 7 ; début ; properly 
0.18675116964962324 ; 6 ; 6 ; prévenir ; afford 
0.1865373820020577 ; 8 ; 6 ; demain ; fighting 
0.37088112665960593 ; 24 ; 18 ; perdre ; wearing 
0.15943182730110317 ; 5 ; 6 ; doivent ; stunned 
0.44752624436175126 ; 33 ; 39 ; moindre ; these 
0.4749229379134629 ; 83 ; 65 ; suis ; must 
0.1267918840312335 ; 5 ; 5 ; ruban ; grinned 
0.0349730240767101 ; 21 ; 24 ; goyle ; goyle 
0.23303066792164706 ; 7 ; 8 ; apercevoir ; suggested 
0.2074239820008069 ; 6 ; 7 ; écart ; shoulders 
0.024613674545198028 ; 12 ; 16 ; bane ; bane 
0.21201813897931268 ; 6 ; 8 ; rêvé ; warning 
0.16954437682335666 ; 5 ; 6 ; meilleur ; mine 
0.15755402989698614 ; 5 ; 5 ; règlement ; oliver 
0.5494970194299469 ; 243 ; 261 ; ça ; back 
0.2851505266883064 ; 14 ; 14 ; sauf ; pink 
0.429742870515517 ; 16 ; 12 ; hall ; leaned 
0.1363709936182046 ; 5 ; 5 ; note ; names 
0.3085511581777747 ; 12 ; 13 ; dois ; expect 
0.12705709537127696 ; 5 ; 6 ; refusaient ; moaned 
0.43961841433507287 ; 26 ; 33 ; vieux ; ask 
0.5246176278251615 ; 480 ; 398 ; du ; all 
0.18819681093597418 ; 7 ; 6 ; amuser ; fixed 
0.45992847699273853 ; 638 ; 924 ; je ; i 
0.27774843531414184 ; 11 ; 9 ; serra ; fight 
0.1654745725254564 ; 5 ; 5 ; longues ; glittering 
0.3695735317938796 ; 20 ; 28 ; entendre ; work 
0.159773496474727 ; 7 ; 5 ; faudrait ; carry 
0.1861258027320942 ; 8 ; 10 ; désagréable ; whether 
0.2107811871961464 ; 7 ; 6 ; dessous ; split 
0.11327450431883643 ; 7 ; 6 ; terreur ; training 
0.45818435743866837 ; 41 ; 43 ; moins ; won 
0.3072981960373082 ; 11 ; 11 ; prends ; steal 
0.3234062152201581 ; 26 ; 33 ; jumeaux ; train 
0.33237195456723434 ; 13 ; 14 ; colère ; tea 
0.2915864500890762 ; 14 ; 12 ; montrant ; twenty 
0.04533591569247086 ; 134 ; 139 ; dudley ; dudley 
0.16760753239707804 ; 5 ; 5 ; auparavant ; closed 
0.2633588463610412 ; 5 ; 6 ; stupide ; nor 
0.14060583652016545 ; 6 ; 6 ; sortilèges ; nothin 
0.24924003780529996 ; 10 ; 8 ; prononcer ; couple 
0.2881055538103151 ; 11 ; 12 ; queue ; explain 
0.1991413940007689 ; 9 ; 8 ; restèrent ; suggested 
0.12818494686469267 ; 5 ; 6 ; 10 ; floating 
0.23963939521252373 ; 7 ; 9 ; contempla ; parchment 
0.20292293201681427 ; 5 ; 5 ; peutêtre ; faint 
0.262638464910371 ; 6 ; 7 ; retard ; clutching 
0.5725622694571932 ; 514 ; 384 ; a ; what 
0.09254783727245919 ; 7 ; 5 ; salon ; daylight 
0.5059678594892465 ; 828 ; 967 ; une ; in 
0.15835025221704357 ; 6 ; 7 ; rattraper ; attention 
0.2921617835310084 ; 11 ; 10 ; entra ; brown 
0.15567511663395822 ; 5 ; 6 ; attentivement ; vol 
0.2769824701738674 ; 117 ; 106 ; porte ; door 
0.14487729460901155 ; 5 ; 5 ; justesse ; sprinted 
0.2650977742706214 ; 8 ; 7 ; quitter ; anymore 
0.3469766476766704 ; 17 ; 14 ; propre ; true 
0.1624925593623548 ; 6 ; 6 ; aiguë ; fallen 
0.179320843973847 ; 5 ; 5 ; enveloppé ; bringing 
0.3217541891740726 ; 25 ; 25 ; vite ; heart 
0.2815404624039475 ; 11 ; 8 ; intention ; worth 
0.5004914737442439 ; 137 ; 142 ; deux ; around 
0.4135550486522843 ; 12 ; 9 ; cadeaux ; hated 
0.19533123403304425 ; 7 ; 10 ; rapidement ; presents 
0.18294274659989662 ; 6 ; 8 ; apparaître ; faded 
0.22433079236789766 ; 7 ; 5 ; meilleure ; beaming 
0.5057560059971243 ; 94 ; 114 ; puis ; here 
0.09489174293445743 ; 6 ; 5 ; fenêtres ; clapping 
0.15673764909090715 ; 6 ; 6 ; semblaient ; below 
0.2924900924269347 ; 14 ; 15 ; avança ; learn 
0.288113540220696 ; 6 ; 7 ; terminé ; kicked 
0.4500292558073142 ; 31 ; 30 ; avons ; most 
0.16016915479259966 ; 7 ; 5 ; faisaient ; fangs 
0.12816134934928236 ; 5 ; 5 ; panneau ; bald 
0.21562121464272643 ; 5 ; 5 ; fondre ; pretty 
0.393078467768471 ; 35 ; 39 ; ta ; these 
0.2196982880618851 ; 9 ; 8 ; contenait ; witches 
0.24646003741894623 ; 14 ; 10 ; ensuite ; earth 
0.15274119323625296 ; 6 ; 6 ; uns ; perfect 
0.1942578501041203 ; 7 ; 9 ; désormais ; wandering 
0.10218320594052155 ; 5 ; 5 ; feriez ; roast 
0.29881325401926506 ; 11 ; 11 ; partout ; listening 
0.27789072336359205 ; 10 ; 9 ; tiens ; opposite 
0.15288936974483558 ; 18 ; 20 ; flitwick ; flitwick 
0.3802640470931228 ; 13 ; 13 ; esprit ; expect 
0.05648737285696237 ; 15 ; 12 ; clé ; key 
0.13255855211143525 ; 5 ; 5 ; bruyamment ; handkerchief 
0.2699493520512717 ; 10 ; 7 ; entendirent ; fine 
0.3150210937771203 ; 41 ; 52 ; dubois ; filch 
0.5216294006587713 ; 208 ; 269 ; nous ; we 
0.15635043376421703 ; 9 ; 13 ; importe ; ball 
0.25105713930950113 ; 6 ; 7 ; facilement ; crossed 
0.26649289478886073 ; 6 ; 5 ; vacarme ; fool 
0.47284124885823864 ; 430 ; 416 ; au ; with 
0.20611568281312587 ; 7 ; 8 ; marches ; arts 
0.4735700043693549 ; 60 ; 54 ; jour ; every 
0.3219171892028635 ; 123 ; 116 ; oncle ; vernon 
0.13528971609652196 ; 27 ; 24 ; livre ; book 
0.34578430636304325 ; 14 ; 11 ; demande ; days 
0.31034517198100364 ; 12 ; 12 ; sèchement ; known 
0.4231219643241757 ; 28 ; 25 ; sera ; heart 
0.19245431498733545 ; 8 ; 7 ; soigneusement ; homework 
0.5760918629107894 ; 53 ; 45 ; nuit ; bed 
0.1686087001212476 ; 16 ; 11 ; dragons ; magical 
0.24062422908268147 ; 12 ; 13 ; geste ; eh 
0.14098150697264572 ; 7 ; 6 ; court ; lightning 
0.2733605136316993 ; 9 ; 8 ; gris ; lots 
0.33623417088872787 ; 16 ; 16 ; appelle ; supposed 
0.35406544818263275 ; 12 ; 10 ; forte ; job 
0.17627886038974244 ; 7 ; 8 ; douce ; loads 
0.26036789472445154 ; 11 ; 9 ; envoyé ; lead 
0.22344091228993743 ; 5 ; 6 ; vides ; delighted 
0.4159092502454922 ; 25 ; 20 ; peux ; followed 
0.47037197525327823 ; 58 ; 53 ; grande ; floor 
0.44716593249577036 ; 40 ; 43 ; dont ; later 
0.39102079527291855 ; 21 ; 22 ; signe ; isn 
0.20535151191938134 ; 5 ; 5 ; rumeur ; greatest 
0.1726932726582719 ; 7 ; 9 ; dents ; teeth 
0.21309509160930357 ; 9 ; 7 ; remit ; sharply 
0.15993891658651274 ; 5 ; 6 ; adresser ; overhead 
0.08978665770639918 ; 5 ; 5 ; grosses ; gang 
0.17487893655956832 ; 5 ; 5 ; applaudissements ; mars 
0.03263513586303973 ; 7 ; 7 ; gripsec ; curious 
0.4762188350288972 ; 119 ; 94 ; cette ; way 
0.13858265327846628 ; 6 ; 5 ; craquement ; enormous 
0.4573720442283752 ; 38 ; 38 ; nez ; new 
0.3951005733702809 ; 17 ; 12 ; chaudron ; ones 
0.14142671488601266 ; 5 ; 5 ; différents ; wore 
0.11286771129874484 ; 6 ; 5 ; aventure ; saved 
0.23401815528381997 ; 8 ; 6 ; silencieux ; stomach 
0.1762316196325936 ; 8 ; 8 ; guère ; rushed 
0.219059930772181 ; 13 ; 14 ; philosophale ; invisibility 
0.3948563913639467 ; 24 ; 21 ; pieds ; muttered 
0.021228644537755886 ; 5 ; 6 ; ordinateur ; computer 
0.22320239557095323 ; 8 ; 6 ; dirait ; wherever 
0.1587350276687456 ; 7 ; 6 ; revoir ; difference 
0.17133752387379267 ; 7 ; 9 ; groupe ; news 
0.29989993748494287 ; 8 ; 6 ; conversation ; human 
0.18215895774628238 ; 5 ; 5 ; conversations ; oak 
0.4876420000844859 ; 1058 ; 967 ; que ; in 
0.21957428713140237 ; 5 ; 5 ; fabriquer ; towering 
0.5489571955532268 ; 64 ; 69 ; oui ; yes 
0.05725036851581744 ; 12 ; 14 ; attrapeur ; seeker 
0.17546483210088998 ; 8 ; 7 ; venez ; anymore 
0.2614630594003329 ; 17 ; 14 ; viens ; running 
0.18822324894360848 ; 7 ; 6 ; finir ; grown 
0.17477141553435493 ; 5 ; 5 ; moments ; pretty 
0.2517648197605823 ; 9 ; 7 ; sommeil ; fine 
0.3503775522273921 ; 25 ; 25 ; donner ; round 
0.02268104854333941 ; 17 ; 19 ; souafle ; quaffle 
0.5513295682433734 ; 328 ; 252 ; elle ; she 
0.26000866868815053 ; 16 ; 16 ; retourna ; bet 
0.5128178095422732 ; 229 ; 201 ; faire ; off 
0.15390277847537956 ; 8 ; 9 ; précipitèrent ; wandering 
0.19271442954796322 ; 11 ; 10 ; expression ; pockets 
0.24429547587698824 ; 9 ; 9 ; sourcils ; wing 
0.5232373622213271 ; 91 ; 69 ; été ; suddenly 
0.29386207815290866 ; 10 ; 10 ; mis ; holidays 
0.2642558071950861 ; 10 ; 11 ; raconta ; decided 
0.11978004503094704 ; 5 ; 5 ; poing ; short 
0.34523370199252873 ; 20 ; 18 ; aurais ; times 
0.1115297589283053 ; 5 ; 5 ; vêtus ; cloaks 
0.3363924604232057 ; 15 ; 18 ; suffisamment ; follow 
0.06266097864354919 ; 155 ; 159 ; dumbledore ; dumbledore 
0.13746793479607097 ; 7 ; 8 ; nombreux ; simply 
0.31673243301354786 ; 15 ; 13 ; albus ; middle 
0.27014903005533897 ; 8 ; 6 ; blanc ; pinned 
0.19162418625349095 ; 5 ; 7 ; ouvrages ; list 
0.12292221431820277 ; 5 ; 5 ; soigner ; anxiously 
0.19244879165634793 ; 6 ; 8 ; approuva ; sighed 
0.1524553716067637 ; 17 ; 14 ; invisibilité ; invisibility 
0.5098007597743414 ; 105 ; 109 ; devant ; where 
0.47540486202112814 ; 65 ; 54 ; vu ; hadn 
0.07988146138656747 ; 6 ; 7 ; cuivre ; zoo 
0.17459988788654945 ; 35 ; 43 ; livres ; books 
0.1587863169121681 ; 9 ; 8 ; jordan ; stool 
0.12644947436408158 ; 6 ; 6 ; vivant ; gamekeeper 
0.2113147452009031 ; 10 ; 12 ; présence ; tall 
0.43169126732331303 ; 31 ; 32 ; idée ; morning 
0.26826606694107225 ; 11 ; 8 ; montèrent ; force 
0.2146737173434718 ; 9 ; 8 ; grognement ; clothes 
0.12788986258252105 ; 7 ; 6 ; fumée ; smoke 
0.2697861227083562 ; 10 ; 10 ; tourner ; entrance 
0.4157984655888952 ; 31 ; 21 ; terre ; cup 
0.1706837520340241 ; 13 ; 10 ; hui ; jerked 
0.3033320963224015 ; 14 ; 12 ; prêt ; easy 
0.21863595898472515 ; 11 ; 10 ; baguettes ; row 
0.22052658160024907 ; 20 ; 15 ; terrain ; tree 
0.2763718107545191 ; 17 ; 22 ; parmi ; cupboard 
0.6643189170356526 ; 550 ; 370 ; vous ; for 
0.22342887671080028 ; 44 ; 37 ; homme ; man 
0.3020614722169509 ; 15 ; 14 ; pourtant ; thick 
0.32487469510136324 ; 14 ; 15 ; sept ; thanks 
0.15646319079527904 ; 5 ; 5 ; délicieux ; worst 
0.19334516828536097 ; 5 ; 5 ; notamment ; lines 
0.35406294824918305 ; 23 ; 18 ; balais ; play 
0.4080519116401764 ; 41 ; 43 ; faisait ; sure 
0.4417785929743251 ; 34 ; 29 ; écria ; stopped 
0.4035168439977475 ; 62 ; 49 ; aussitôt ; felt 
0.08342380224856205 ; 5 ; 5 ; emporta ; purpose 
0.42440353203674064 ; 21 ; 26 ; sort ; sort 
0.21056519035268245 ; 8 ; 8 ; exclamation ; faded 
0.23794146471005267 ; 7 ; 6 ; troisième ; soft 
0.5076278726281941 ; 232 ; 245 ; par ; if 
0.10967505332005538 ; 5 ; 6 ; parie ; fixed 
0.4250935088914045 ; 55 ; 51 ; ces ; large 
0.16685692106592537 ; 6 ; 5 ; courageux ; halt 
0.2507859883241371 ; 16 ; 12 ; essayait ; smell 
0.31325403120837625 ; 13 ; 10 ; verte ; bought 
0.15776430958442872 ; 5 ; 7 ; sert ; guard 
0.15797865959758564 ; 5 ; 5 ; demandant ; blimey 
0.4925440126404501 ; 51 ; 41 ; école ; our 
0.38944135397214574 ; 29 ; 22 ; sourire ; rather 
0.030237028122248266 ; 13 ; 9 ; compartiment ; compartment 
0.13604266902518264 ; 396 ; 429 ; ron ; ron 
0.545961360071765 ; 50 ; 36 ; or ; wall 
0.22105689167072112 ; 10 ; 14 ; vue ; point 
0.22073071894506358 ; 6 ; 7 ; formules ; locker 
0.008176554786705273 ; 8 ; 7 ; canne ; smelting 
0.2855780815089617 ; 10 ; 10 ; dedans ; stairs 
0.39221248140333254 ; 23 ; 22 ; longue ; rather 
0.14732397394785457 ; 6 ; 7 ; voyaient ; stranger 
0.2764277572586187 ; 12 ; 15 ; éclair ; glasses 
0.3075966893196376 ; 9 ; 10 ; complètement ; single 
0.2974386284509264 ; 21 ; 29 ; vif ; team 
0.36930563010776546 ; 23 ; 19 ; donna ; watching 
0.025157571477562368 ; 5 ; 5 ; chêne ; oak 
0.6381904821049992 ; 77 ; 69 ; élèves ; school 
0.3628725901956181 ; 14 ; 10 ; vont ; doesn 
0.18568131142536703 ; 8 ; 8 ; trouva ; snarled 
0.1608498355529378 ; 5 ; 6 ; pâles ; cakes 
0.3116938215823703 ; 25 ; 21 ; aucun ; such 
0.46012130218987746 ; 18 ; 16 ; coin ; pair 
0.1345777291807762 ; 6 ; 7 ; papa ; chuckled 
0.1912186646983233 ; 9 ; 7 ; porter ; road 
0.08205640894742619 ; 6 ; 5 ; punition ; slithering 
0.15620498991562126 ; 13 ; 13 ; manche ; ball 
0.06266547961572977 ; 123 ; 123 ; malefoy ; malfoy 
0.1395265757343117 ; 5 ; 5 ; pensaient ; adventure 
0.41188094566183064 ; 31 ; 34 ; vais ; doing 
0.15251198762620982 ; 6 ; 5 ; expliqua ; gran 
0.310287141175306 ; 18 ; 13 ; hors ; hit 
0.11886989180990304 ; 5 ; 6 ; étranges ; telephone 
0.3748562597130697 ; 27 ; 20 ; soir ; gasped 
0.29404853988308866 ; 31 ; 32 ; matin ; morning 
0.23738158608465368 ; 9 ; 9 ; parchemin ; parchment 
0.42879038972894395 ; 66 ; 50 ; balai ; slytherin 
0.2513447626928277 ; 12 ; 10 ; content ; reminded 
0.21997999432181384 ; 10 ; 7 ; devenir ; pressed 
0.019596106097380328 ; 15 ; 16 ; drive ; privet 
0.07086100400391676 ; 5 ; 5 ; neuf ; gang 
0.34470619829015514 ; 16 ; 11 ; regardez ; steal 
0.50554314993819 ; 336 ; 368 ; avec ; be 
0.2153388770864726 ; 6 ; 6 ; impatience ; laughter 
0.12026845135753128 ; 6 ; 5 ; voudrais ; yourselves 
0.17609339030665455 ; 49 ; 46 ; lettre ; letter 
0.41334497370959644 ; 32 ; 22 ; moldus ; muggle 
0.1575008399397615 ; 6 ; 6 ; basse ; thrown 
0.23272246973796584 ; 12 ; 12 ; lampe ; card 
0.03113077992351132 ; 5 ; 5 ; severus ; severus 
0.29326874218721777 ; 14 ; 17 ; arrivait ; listen 
0.2904373638347144 ; 16 ; 11 ; vacances ; friend 
0.29423401337858796 ; 12 ; 9 ; devint ; twin 
0.34239565988075754 ; 17 ; 17 ; fort ; realized 
0.027613398812025278 ; 12 ; 14 ; courrier ; mail 
0.4578268096268699 ; 35 ; 34 ; avais ; doing 
0.5434840099687345 ; 102 ; 99 ; te ; head 
0.012540188281433329 ; 5 ; 6 ; phénix ; platforms 
0.49956223626465895 ; 797 ; 836 ; dans ; t 
0.06513799706007672 ; 9 ; 8 ; clairière ; figure 
0.029248117101551008 ; 6 ; 7 ; ministère ; ministry 
0.4861793745382865 ; 95 ; 91 ; avant ; good 
0.49021915233549174 ; 109 ; 123 ; temps ; think 
0.3631969181710393 ; 40 ; 33 ; tour ; getting 
0.293920241360214 ; 6 ; 7 ; installer ; darkness 
0.08180220536785393 ; 6 ; 6 ; heu ; knuts 
0.24464101063157304 ; 9 ; 8 ; serrer ; hate 
0.5478350400588745 ; 99 ; 90 ; toi ; other 
0.32692508004863013 ; 17 ; 18 ; cou ; neck 
0.3679596858670847 ; 19 ; 19 ; regardait ; word 
0.2865029244836407 ; 18 ; 16 ; arrive ; ready 
0.3186901559448999 ; 66 ; 58 ; tante ; petunia 
0.5748271013301345 ; 100 ; 81 ; salle ; us 
0.1503833151097421 ; 5 ; 6 ; levé ; stomach 
0.09845736395749305 ; 7 ; 6 ; sorts ; knuts 
0.5040592411747896 ; 321 ; 238 ; y ; so 
0.09829636360246907 ; 5 ; 5 ; bienvenue ; blown 
0.24906365429440644 ; 8 ; 7 ; arrivèrent ; wrapped 
0.013677155011308215 ; 5 ; 5 ; james ; james 
0.33426752722843334 ; 12 ; 11 ; état ; underneath 
0.26925236678367026 ; 13 ; 11 ; glissa ; least 
0.4967089877599858 ; 155 ; 142 ; être ; around 
0.41728180379691765 ; 34 ; 30 ; ah ; everything 
0.2942029310774452 ; 15 ; 11 ; souffle ; listening 
0.5062458516793302 ; 219 ; 182 ; ses ; down 
0.05495079418801028 ; 6 ; 5 ; passants ; town 
0.20197982171516107 ; 14 ; 14 ; boutique ; hurried 
0.15984329737386427 ; 6 ; 6 ; disparaître ; stomach 
0.40827844055379914 ; 22 ; 16 ; teint ; supposed 
0.03628392898263044 ; 6 ; 6 ; noises ; knuts 
0.021476295602709555 ; 6 ; 7 ; zoo ; zoo 
0.4417264820219552 ; 23 ; 28 ; celle ; work 
0.2184032310824267 ; 8 ; 8 ; trente ; often 
0.2403038458561917 ; 11 ; 12 ; partir ; grabbed 
0.047226419556037014 ; 19 ; 16 ; nimbus ; nimbus 
0.20390586995054757 ; 8 ; 7 ; féroce ; sick 
0.203150081989525 ; 5 ; 5 ; bondit ; grinned 
0.3092303818379447 ; 11 ; 9 ; plumes ; jus 
0.27178183875879014 ; 12 ; 14 ; inquiète ; spell 
0.21680400324860313 ; 8 ; 6 ; manière ; eight 
0.0634019430843642 ; 159 ; 172 ; rogue ; snape 
0.030320650657262527 ; 24 ; 22 ; placard ; cupboard 
0.15888481893095657 ; 5 ; 5 ; saisissant ; clapping 
0.5649917257014336 ; 134 ; 96 ; avaient ; thought 
0.2942207111119048 ; 17 ; 16 ; joueurs ; nimbus 
0.46592018549219555 ; 28 ; 19 ; magiques ; ran 
0.12549077206690934 ; 5 ; 6 ; mettez ; tables 
0.09653384090740894 ; 6 ; 5 ; v ; fool 
0.15656197740927608 ; 5 ; 6 ; ravis ; everybody 
0.35967815025508393 ; 16 ; 13 ; secret ; obviously 
0.008623033482513656 ; 5 ; 5 ; marge ; marge 
0.3501053433941313 ; 27 ; 23 ; vas ; either 
0.27041433557796946 ; 12 ; 11 ; gagner ; girl 
0.2699209805706746 ; 10 ; 7 ; soulagement ; visit 
0.23899944500863193 ; 8 ; 6 ; adresse ; wizardry 
0.0839583389332445 ; 5 ; 5 ; auquel ; weak 
0.32371782240399766 ; 13 ; 9 ; devrait ; pig 
0.2910821610294213 ; 189 ; 181 ; professeur ; professor 
0.13413393127628354 ; 6 ; 6 ; serrant ; tired 
0.0637518450445564 ; 6 ; 6 ; enfant ; drills 
0.02538479379341952 ; 6 ; 6 ; planètes ; planets 
0.3940595295577731 ; 34 ; 37 ; rire ; gave 
0.139610933302994 ; 7 ; 8 ; invisible ; chessmen 
0.2745692829819255 ; 10 ; 7 ; joyeux ; cake 
0.27806764740063683 ; 18 ; 13 ; devait ; finished 
0.1714266697397946 ; 5 ; 5 ; sourd ; frightened 
0.18666643330314567 ; 7 ; 5 ; fuite ; meanwhile 
0.26036279180269295 ; 13 ; 12 ; portait ; tall 
0.2329416176031977 ; 7 ; 5 ; tranquille ; mumbled 
0.1889179451648576 ; 7 ; 7 ; créature ; homework 
0.29089829887513813 ; 12 ; 10 ; côte ; baby 
0.1184927758594578 ; 29 ; 21 ; rue ; street 
0.18871770001782073 ; 10 ; 9 ; balle ; fly 
0.23114920626891175 ; 8 ; 7 ; tremblant ; joke 
0.17062470364689783 ; 6 ; 7 ; empressa ; stranger 
0.020071535701440046 ; 6 ; 5 ; marcus ; marcus 
0.1848396309924879 ; 11 ; 9 ; pire ; jump 
0.2326710085089498 ; 10 ; 9 ; avis ; bowed 
0.19961475704777604 ; 8 ; 7 ; éprouvait ; solid 
0.12171701503400796 ; 6 ; 6 ; attrapé ; moaned 
0.3253791534166809 ; 16 ; 14 ; vol ; swung 
0.07836343190986789 ; 6 ; 5 ; ombre ; anxiously 
0.5252287827268162 ; 100 ; 126 ; monde ; never 
0.2765910091234568 ; 15 ; 13 ; poser ; hit 
0.01554705882266616 ; 6 ; 8 ; rapeltout ; remembrall 
0.4769510343467818 ; 70 ; 68 ; eu ; why 
0.1747793978498411 ; 6 ; 5 ; levèrent ; curiously 
0.20542775408848735 ; 13 ; 10 ; 9 ; leaky 
0.4165524422413256 ; 42 ; 38 ; pourquoi ; else 
0.13118685644052977 ; 5 ; 5 ; joues ; mumbled 
0.3298558387749171 ; 15 ; 13 ; maisons ; teacher 
0.21462736313110906 ; 10 ; 8 ; minuscule ; lots 
0.1702185856020123 ; 7 ; 9 ; chouette ; trunk 
0.304711606418094 ; 10 ; 10 ; voyons ; nodded 
0.17865144055457333 ; 7 ; 7 ; poignée ; quills 
0.5346060883766873 ; 432 ; 368 ; plus ; be 
0.2864146870018656 ; 13 ; 9 ; désolé ; poor 
0.2554341194322765 ; 14 ; 12 ; vide ; wondering 
0.4553062665704829 ; 62 ; 51 ; contre ; pulled 
0.1188591829767731 ; 5 ; 5 ; nulle ; adventure 
0.3778760673928415 ; 21 ; 21 ; remarqua ; pointed 
0.16636295250685046 ; 5 ; 5 ; justement ; danger 
0.40600072887084776 ; 1687 ; 1924 ; et ; and 
0.48277000720438745 ; 1169 ; 967 ; en ; in 
0.14801086666403596 ; 5 ; 7 ; assurer ; worked 
0.14004470963424842 ; 6 ; 5 ; loup ; lines 
0.1591529260443076 ; 5 ; 5 ; objets ; clapping 
0.2576189179457452 ; 13 ; 10 ; gagné ; clearing 
0.25159166370949837 ; 10 ; 10 ; belle ; realize 
0.11673407574895955 ; 5 ; 5 ; révisions ; detention 
0.12313789517226231 ; 5 ; 5 ; déballer ; ickle 
0.47873899384762764 ; 79 ; 75 ; aller ; say 
0.14820375874446517 ; 5 ; 6 ; recherches ; firs 
0.5376881418741648 ; 197 ; 166 ; leur ; now 
0.2521433620994821 ; 8 ; 7 ; parvenait ; anymore 
0.08148136078318513 ; 6 ; 8 ; cercles ; chasers 
0.1860805398092717 ; 8 ; 6 ; vingt ; tap 
0.17103550010941748 ; 8 ; 8 ; chute ; handle 
0.037816647530482694 ; 9 ; 9 ; chariot ; compartment 
0.49778556297714643 ; 109 ; 109 ; autres ; where 
0.16569212338160494 ; 6 ; 5 ; robes ; warmth 
0.14848879278913257 ; 5 ; 5 ; tours ; carry 
0.23528329837219972 ; 5 ; 5 ; plat ; eggs 
0.32266447957410194 ; 11 ; 10 ; donnait ; kind 
0.11407889049472877 ; 6 ; 5 ; oiseaux ; blinked 
0.2887251824148648 ; 12 ; 14 ; montrer ; wondered 
0.12534246588664905 ; 5 ; 5 ; espérait ; handkerchief 
0.20948117812356476 ; 5 ; 5 ; glace ; sank 
0.47174990949684686 ; 39 ; 39 ; lança ; caught 
0.06311391225897656 ; 5 ; 7 ; stade ; club 
0.21661551318039068 ; 5 ; 7 ; arrivée ; players 
0.3207762326802104 ; 14 ; 10 ; assit ; surprise 
0.20932219040947522 ; 15 ; 21 ; enveloppe ; letters 
0.12672541978910815 ; 8 ; 6 ; 1 ; rat 
0.3651742085585556 ; 14 ; 18 ; disait ; sit 
0.1539178005979987 ; 5 ; 5 ; lançant ; leaning 
0.22963332319971919 ; 10 ; 13 ; faites ; tower 
0.30280074205368274 ; 29 ; 36 ; mur ; wall 
0.17792858373982465 ; 8 ; 6 ; morts ; blew 
0.09117898072881286 ; 5 ; 5 ; camarades ; brass 
0.0491349784945153 ; 5 ; 6 ; tigré ; drills 
0.04451780138080612 ; 5 ; 5 ; toit ; marge 
0.41947651195649116 ; 23 ; 34 ; poufsouffle ; broom 
0.46787879292088513 ; 36 ; 41 ; savoir ; without 
0.20440486294589194 ; 13 ; 13 ; garçons ; cart 
0.3011618572084083 ; 21 ; 21 ; peine ; muttered 
0.15002124994618188 ; 62 ; 50 ; serpentard ; slytherin 
0.3663009148463119 ; 20 ; 16 ; restait ; pair 
0.42455345774800746 ; 41 ; 38 ; depuis ; else 
0.5008997962076502 ; 80 ; 69 ; ou ; found 
0.0387909882319847 ; 5 ; 6 ; jardin ; garden 
0.17775576892999778 ; 30 ; 24 ; parents ; parents 
0.33148924260312057 ; 15 ; 12 ; flammes ; ears 
0.22727204426284023 ; 7 ; 7 ; glacé ; roll 
0.22870832666647448 ; 6 ; 5 ; retrouva ; carry 
0.15574726527294433 ; 7 ; 5 ; emporter ; socks 
0.3019379688162206 ; 15 ; 15 ; tas ; stuff 
0.0185544610177778 ; 5 ; 5 ; élixir ; elixir 
0.4815819662130822 ; 24 ; 18 ; femme ; seat 
0.17901111566436922 ; 7 ; 5 ; lee ; romania 
0.2231447687949038 ; 8 ; 7 ; intérêt ; history 
0.36974443497018405 ; 21 ; 22 ; laissa ; far 
0.2672846802900938 ; 11 ; 10 ; surpris ; hidden 
0.20986658623655755 ; 6 ; 5 ; distance ; mumbled 
0.1449803924650504 ; 5 ; 7 ; sanglota ; murmured 
0.3975955390294842 ; 19 ; 15 ; commencer ; potions 
0.2526649582332136 ; 10 ; 8 ; course ; force 
0.35732342246785875 ; 16 ; 14 ; telle ; leapt 
0.08174170124552481 ; 6 ; 6 ; encre ; blankets 
0.19999083494231706 ; 7 ; 7 ; rencontré ; eagerly 
0.029676194703811998 ; 28 ; 28 ; flamel ; flamel 
0.15436271777381472 ; 5 ; 5 ; fier ; halt 
0.35421760834165067 ; 16 ; 11 ; montra ; usually 
0.07805833833914362 ; 5 ; 5 ; cochon ; complained 
0.3778777435698961 ; 33 ; 34 ; voulait ; coming 
0.17723066756607425 ; 11 ; 11 ; seuls ; hundreds 
0.31260020954738377 ; 14 ; 12 ; parut ; possible 
0.2030297760193737 ; 7 ; 8 ; moldu ; bill 
0.3420051106269859 ; 10 ; 10 ; plusieurs ; single 
0.12651219450713447 ; 5 ; 5 ; léger ; romania 
0.40452192234672335 ; 21 ; 21 ; cuisine ; letters 
0.11034331153367025 ; 5 ; 5 ; présente ; grinned 
0.15640111901061504 ; 5 ; 5 ; eût ; office 
0.2337264683996041 ; 12 ; 11 ; venir ; furiously 
0.31083531522558666 ; 12 ; 10 ; sinon ; business 
0.2565006212075276 ; 11 ; 8 ; dame ; marched 
0.14124142702575693 ; 9 ; 9 ; arbre ; stands 
0.4863469594846076 ; 97 ; 82 ; toujours ; left 
0.4550627233677828 ; 38 ; 28 ; couloir ; trouble 
0.09409049208323506 ; 50 ; 52 ; rusard ; filch 
0.29799488718906997 ; 15 ; 12 ; sortir ; tall 
0.247108002697485 ; 7 ; 7 ; soyez ; showing 
0.2210087302446605 ; 10 ; 10 ; vaut ; kind 
0.28508360518289616 ; 15 ; 14 ; noire ; nervous 
0.1580443710614979 ; 5 ; 7 ; tombait ; curious 
0.24876774011349778 ; 10 ; 11 ; plume ; breakfast 
0.2006842562862295 ; 6 ; 8 ; parlaient ; couple 
0.12695170505647302 ; 5 ; 7 ; descendit ; eagerly 
0.21122176787806718 ; 12 ; 14 ; morceau ; grounds 
0.3416423288567858 ; 20 ; 14 ; questions ; questions 
0.170672744273553 ; 13 ; 10 ; aujourd ; jerked 
0.2088201501297055 ; 6 ; 7 ; faute ; girls 
0.10627937795035691 ; 5 ; 5 ; étant ; mum 
0.22059036505105867 ; 9 ; 9 ; monter ; quick 
0.2712687129155423 ; 10 ; 7 ; idiot ; passing 
0.02323919025074006 ; 7 ; 7 ; riséd ; erised 
0.1699560543708023 ; 8 ; 6 ; rapide ; control 
0.44583705100042714 ; 21 ; 24 ; cent ; library 
0.4981175722932656 ; 56 ; 44 ; pouvait ; second 
0.27099207681821147 ; 11 ; 11 ; cru ; goes 
0.1986671164271933 ; 8 ; 6 ; sensation ; wizarding 
0.03828413645048978 ; 13 ; 10 ; préfet ; prefect 
0.3951116596162408 ; 56 ; 51 ; côté ; pulled 
0.21365931287094042 ; 9 ; 7 ; comprends ; shoulders 
0.15890761794182529 ; 38 ; 36 ; forêt ; forest 
0.1777822055726669 ; 6 ; 6 ; défense ; speed 
0.3599096496888572 ; 20 ; 21 ; question ; watched 
0.09390090117072727 ; 44 ; 36 ; dragon ; dragon 
0.01786191802886128 ; 5 ; 5 ; angelina ; chaser 
0.36214010628252397 ; 16 ; 12 ; reprit ; live 
0.1850393567703309 ; 5 ; 5 ; essayaient ; sprinted 
0.22757313780354896 ; 7 ; 8 ; sac ; swallowed 
0.1752007181927291 ; 5 ; 5 ; risque ; pretty 
0.4793366656247324 ; 36 ; 34 ; êtes ; coming 
0.40049171568429576 ; 22 ; 16 ; petits ; near 
0.47866997643841996 ; 1743 ; 1924 ; à ; and 
0.3396830307557912 ; 20 ; 15 ; voyant ; also 
0.2902185606231527 ; 13 ; 11 ; déjeuner ; breakfast 
0.13848625194085665 ; 5 ; 7 ; bec ; ticket 
0.4645544226417852 ; 48 ; 33 ; mieux ; getting 
0.3469676525571336 ; 17 ; 13 ; essayant ; direction 
0.11078145097563795 ; 8 ; 8 ; portes ; bill 
0.4067687394112198 ; 18 ; 21 ; collège ; letters 
0.4817884164911374 ; 26 ; 19 ; fenêtre ; call 
0.23312063481411352 ; 9 ; 9 ; lequel ; laughed 
0.07857051007183602 ; 33 ; 29 ; famille ; family 
0.023135709522010883 ; 6 ; 8 ; chocogrenouilles ; frogs 
0.46896933036532074 ; 35 ; 39 ; ni ; remember 
0.14820055790147352 ; 5 ; 5 ; sonore ; clapping 
0.2634871025700008 ; 15 ; 20 ; interdit ; flitwick 
0.28947931740323823 ; 19 ; 13 ; sait ; gray 
0.06576829900866582 ; 6 ; 6 ; bande ; blankets 
0.188250635601937 ; 6 ; 6 ; règles ; laughter 
0.13253042154716604 ; 8 ; 7 ; chaleur ; strode 
0.21184742416818203 ; 9 ; 7 ; sorcellerie ; spells 
0.4028596317636253 ; 35 ; 42 ; argent ; o 
0.013905760036738837 ; 5 ; 5 ; diggle ; diggle 
0.43384422939245937 ; 51 ; 37 ; année ; year 
0.3938184671790116 ; 35 ; 29 ; compte ; stopped 
0.17943229882827225 ; 11 ; 10 ; profondément ; waved 
0.2729745813721359 ; 12 ; 10 ; haute ; vault 
0.17045565272813623 ; 10 ; 9 ; étoiles ; stars 
0.24308987734052295 ; 9 ; 10 ; grave ; lee 
0.42117148935712406 ; 31 ; 31 ; travers ; happened 
0.1600044301304962 ; 5 ; 6 ; exprès ; desk 
0.2936704889315992 ; 9 ; 9 ; retour ; jus 
0.04715223370674605 ; 10 ; 8 ; télévision ; figg 
0.26349864744421014 ; 46 ; 47 ; nom ; name 
0.03722210220577621 ; 5 ; 5 ; mission ; rob 
0.4087150177932909 ; 23 ; 23 ; fin ; arms 
0.17251762554601108 ; 7 ; 8 ; tapota ; lots 
0.21067806954811436 ; 8 ; 11 ; étonnant ; happen 
0.46177980840743416 ; 42 ; 46 ; allait ; wanted 
0.016243638695653817 ; 10 ; 13 ; cognards ; bludgers 
0.2537021699064034 ; 31 ; 25 ; c½ur ; heart 
0.5145066234433213 ; 140 ; 111 ; moi ; more 
0.3100452864343453 ; 18 ; 15 ; passage ; climbed 
0.25265949359572226 ; 7 ; 5 ; aurez ; streaked 
0.2394405860086969 ; 16 ; 13 ; thé ; happy 
0.5255730787756356 ; 53 ; 52 ; cours ; feet 
0.07809937191782584 ; 5 ; 5 ; attrapa ; eggs 
0.19829287372813287 ; 8 ; 9 ; londubat ; longbottom 
0.4236444074187068 ; 24 ; 22 ; bientôt ; far 
0.19919027203346956 ; 10 ; 10 ; demandait ; term 
0.1671270244406306 ; 6 ; 6 ; ventre ; mine 
0.5141577322397305 ; 31 ; 21 ; aucune ; tonight 
0.3286260735326251 ; 28 ; 19 ; fais ; raised 
0.3563614094480103 ; 28 ; 23 ; tellement ; somewhere 
0.16638677182907785 ; 5 ; 5 ; herbes ; pick 
0.14611026205926048 ; 7 ; 5 ; légèrement ; mum 
0.31222449882843517 ; 18 ; 19 ; demander ; wait 
0.22294855711952588 ; 11 ; 9 ; précipita ; piece 
0.18122707769439983 ; 5 ; 5 ; pensées ; frightened 
0.46013879080430264 ; 76 ; 80 ; pierre ; stone 
0.2931845770786047 ; 12 ; 9 ; parlait ; rules 
0.42602808201928744 ; 30 ; 34 ; besoin ; coming 
0.28846817041974676 ; 11 ; 9 ; bêtises ; piece 
0.0350569455390662 ; 35 ; 36 ; madame ; madam 
0.2906712444499797 ; 8 ; 6 ; mirent ; everybody 
0.14832703419603532 ; 6 ; 5 ; affronter ; werewolf 
0.4886907852961503 ; 44 ; 41 ; chaque ; without 
0.32114023404666303 ; 18 ; 13 ; possible ; finished 
0.2645202343627209 ; 13 ; 9 ; journal ; lived 
0.371587044258353 ; 14 ; 12 ; pleine ; ones 
0.11355051867459676 ; 6 ; 5 ; maléfice ; werewolf 
0.5116934810235952 ; 85 ; 75 ; eux ; came 
0.28199172666714517 ; 14 ; 19 ; mourir ; thousand 
0.2703327666328402 ; 8 ; 7 ; battre ; passing 
0.49017315096658887 ; 52 ; 38 ; personne ; new 
0.036035011912612824 ; 14 ; 14 ; londres ; london 
0.238816328807736 ; 6 ; 5 ; humide ; eyed 
0.2612896426409287 ; 11 ; 9 ; regards ; opposite 
0.29137916445242323 ; 15 ; 13 ; tendit ; gray 
0.19826863945653675 ; 8 ; 8 ; voulais ; wished 
0.015107456138188202 ; 5 ; 5 ; sauvé ; saved 
0.22826873899661151 ; 10 ; 12 ; approcha ; explain 
0.5586558310328351 ; 67 ; 85 ; maison ; boy 
0.15543254596884004 ; 5 ; 5 ; lors ; contact 
0.3836706107888519 ; 22 ; 18 ; mes ; stepped 
0.12760182083741375 ; 26 ; 19 ; cabane ; hut 
0.15281670241913903 ; 6 ; 6 ; violet ; speeding 
0.43585685121725204 ; 25 ; 23 ; vois ; either 
0.21556282962860385 ; 5 ; 6 ; coude ; mountain 
0.21281073049239507 ; 10 ; 8 ; bonnes ; wanting 
0.04935428879058534 ; 5 ; 7 ; supporters ; locker 
0.3184487332153704 ; 10 ; 10 ; asseoir ; boat 
0.1129315022568621 ; 6 ; 5 ; attendez ; teams 
0.18141419733772374 ; 6 ; 7 ; sanglant ; lesson 
0.170488014001511 ; 6 ; 6 ; comprenait ; completely 
0.5168933207589543 ; 508 ; 690 ; ils ; they 
0.05022658538905034 ; 33 ; 34 ; fred ; fred 
0.5046606174669765 ; 1106 ; 967 ; l ; in 
0.4013297564379268 ; 21 ; 22 ; croire ; rather 
0.19973749265567753 ; 5 ; 5 ; repris ; imagining 
0.23602319609284492 ; 5 ; 5 ; pleurer ; worst 
0.2969504364238516 ; 8 ; 8 ; grommela ; cry 
0.024611041527658473 ; 21 ; 21 ; crabbe ; crabbe 
0.5245156021491513 ; 264 ; 238 ; j ; so 
0.11817907004188712 ; 6 ; 5 ; fête ; imagining 
0.31096243851357214 ; 12 ; 9 ; vitesse ; rules 
0.29290208391633693 ; 11 ; 9 ; ordonna ; jump 
0.5101160141447351 ; 1245 ; 1267 ; les ; of 
0.02560501315619823 ; 5 ; 5 ; arbalète ; crossbow 
0.4294303529000034 ; 30 ; 24 ; chambre ; nice 
0.15295553505962023 ; 11 ; 9 ; examens ; exams 
0.021695730793079626 ; 7 ; 8 ; cavalier ; knight 
0.15267362883231483 ; 7 ; 7 ; voit ; girls 
0.09871069668937738 ; 7 ; 6 ; prochain ; rid 
0.47197478066044274 ; 45 ; 38 ; vit ; new 
0.23600374875360336 ; 8 ; 8 ; arrête ; warned 
0.02737373279248717 ; 8 ; 8 ; 3/4 ; quarters 
0.4187910838477853 ; 23 ; 16 ; cria ; dad 
0.14149857142248262 ; 5 ; 5 ; aile ; nerve 
0.1295025933328876 ; 7 ; 6 ; chocolat ; imagine 
0.017909080300520526 ; 6 ; 6 ; émeraude ; emerald 
0.4966720415690818 ; 213 ; 238 ; t ; so 
0.1852844369236541 ; 6 ; 6 ; sauta ; smoke 
0.23754665881283987 ; 12 ; 12 ; changer ; difficult 
0.09173048597624528 ; 6 ; 6 ; dean ; dive 
0.015580366016805902 ; 13 ; 14 ; flint ; flint 
0.24247960898365534 ; 10 ; 8 ; droite ; passageway 
0.1807586626456209 ; 7 ; 10 ; préféré ; windows 
0.2402000764373592 ; 8 ; 6 ; euh ; cleared 
0.1646331159468416 ; 5 ; 7 ; accompagné ; particularly 
0.3571678417064797 ; 18 ; 22 ; demi ; rather 
0.10143471644750533 ; 9 ; 11 ; familles ; families 
0.3443062765040165 ; 22 ; 15 ; ainsi ; seconds 
0.45445749377931777 ; 70 ; 69 ; soudain ; suddenly 
0.343074668558936 ; 27 ; 26 ; assis ; sitting 
0.22933984070400848 ; 5 ; 5 ; grâce ; sprinted 
0.18312398529139606 ; 5 ; 6 ; mise ; dived 
0.21548499113289724 ; 9 ; 9 ; boire ; drink 
0.2606725187472059 ; 8 ; 8 ; attends ; interested 
0.3029732941077419 ; 29 ; 37 ; feu ; fire 
0.030848525630124024 ; 8 ; 7 ; wagonnet ; curious 
0.3526095382643737 ; 19 ; 27 ; corps ; many 
0.15728910042222055 ; 10 ; 8 ; ½uf ; figure 
0.02754334266442765 ; 11 ; 10 ; canapé ; sofa 
0.19820433868398138 ; 8 ; 10 ; semaines ; whether 
0.22710467498099407 ; 11 ; 8 ; entraînement ; breaking 
0.07306246123307376 ; 7 ; 5 ; firent ; tapped 
0.22995821217576712 ; 8 ; 8 ; chauve ; lots 
0.4861599620056523 ; 41 ; 36 ; quatre ; father 
0.3969158622009249 ; 22 ; 19 ; bois ; raised 
0.26132654993033017 ; 11 ; 8 ; lu ; teach 
0.15237342251887426 ; 5 ; 6 ; ouverte ; speeding 
0.10718052513214382 ; 5 ; 5 ; précipiter ; score 
0.20221619066167268 ; 7 ; 7 ; payer ; growled 
0.3454836762279613 ; 21 ; 22 ; fallait ; haven 
0.1592369887805437 ; 5 ; 7 ; cross ; ticket 
0.1219817616034592 ; 7 ; 7 ; occasion ; malkin 
0.28420049737892417 ; 12 ; 12 ; coups ; buy 
0.3780879515966744 ; 21 ; 19 ; furent ; given 
0.0531671623087866 ; 8 ; 7 ; gradins ; club 
0.26831161718903307 ; 5 ; 6 ; sorti ; beneath 
0.39186764209843006 ; 35 ; 29 ; mit ; stopped 
0.3669800682107836 ; 22 ; 18 ; allons ; watch 
0.2912728780380782 ; 10 ; 13 ; midi ; carefully 
0.3100532864943766 ; 14 ; 13 ; forces ; added 
0.2766796670144609 ; 8 ; 6 ; signes ; stomach 
0.14764236296043737 ; 5 ; 6 ; proposa ; firs 
0.14071543843456435 ; 5 ; 6 ; mêler ; dive 
0.24489546536471016 ; 6 ; 5 ; redressa ; pay 
0.32330656117088546 ; 23 ; 26 ; raison ; able 
0.13042259955398905 ; 6 ; 7 ; certainement ; thousands 
0.13454699153330282 ; 6 ; 5 ; clair ; coins 
0.14559982110222358 ; 5 ; 5 ; efforça ; neat 
0.08461432474628951 ; 6 ; 5 ; marché ; trash 
0.11650085168187263 ; 5 ; 7 ; jeté ; worked 
0.2069145135813526 ; 6 ; 6 ; rempli ; stunned 
0.48605134013614526 ; 580 ; 485 ; pour ; but 
0.20399224493754164 ; 7 ; 5 ; arrivés ; yourselves 
0.26413221711907664 ; 6 ; 6 ; abasourdi ; shivered 
0.40738717094143956 ; 23 ; 22 ; voler ; since 
0.22018101340402152 ; 7 ; 9 ; but ; bludger 
0.2851442123600856 ; 15 ; 13 ; nouveaux ; ball 
0.49827449549775055 ; 152 ; 180 ; là ; see 
0.5261645024253226 ; 347 ; 306 ; sa ; were 
0.042910896301180584 ; 8 ; 6 ; rat ; rat 
0.128431131957206 ; 9 ; 8 ; balles ; stool 
0.4168515961667295 ; 37 ; 45 ; près ; until 
0.02482079706853013 ; 17 ; 18 ; crockdur ; fang 
0.21663076325217012 ; 9 ; 7 ; annonça ; finnigan 
0.22804670627779278 ; 5 ; 6 ; nettement ; below 
0.2253282972084134 ; 8 ; 6 ; traverse ; cause 
0.1178198617501312 ; 8 ; 10 ; erreur ; mistake 
0.541848016119391 ; 794 ; 794 ; est ; said 
0.18504360249405172 ; 7 ; 5 ; accident ; cloaks 
0.3762323587611565 ; 23 ; 16 ; monsieur ; eleven 
0.2657246808687025 ; 12 ; 11 ; attendre ; midnight 
0.40458263735614874 ; 60 ; 63 ; sous ; took 
0.1642078153659306 ; 8 ; 6 ; poignet ; wrist 
0.0751970904569251 ; 5 ; 5 ; sifflement ; clapping 
0.16520329596330924 ; 10 ; 12 ; bouteille ; griphook 
0.31103014896876846 ; 15 ; 22 ; envie ; cupboard 
0.2622018003131168 ; 8 ; 7 ; souris ; flash 
0.1547205065019409 ; 6 ; 7 ; couvrir ; feather 
0.20744705809957598 ; 5 ; 5 ; échangèrent ; whistle 
0.2992446969428033 ; 11 ; 12 ; lune ; blue 
0.28167480567445036 ; 9 ; 7 ; mouvement ; clutching 
0.1729536233578495 ; 5 ; 5 ; voisine ; bathroom 
0.29338539892336557 ; 16 ; 12 ; potions ; leaned 
0.49476347853570846 ; 44 ; 41 ; car ; better 
0.3658588681919507 ; 21 ; 22 ; alla ; rather 
0.42674219282061787 ; 20 ; 14 ; quelle ; yourself 
0.2941761852701976 ; 11 ; 14 ; cher ; nasty 
0.34140365175441123 ; 23 ; 23 ; arriver ; arms 
0.23485695359304204 ; 5 ; 5 ; draps ; mumbled 
0.41073396350105984 ; 29 ; 23 ; bonne ; strange 
0.3927182186908817 ; 21 ; 18 ; elles ; died 
0.414034801100589 ; 26 ; 24 ; regarder ; words 
0.008535965093285247 ; 15 ; 15 ; piers ; piers 
0.11020137018533716 ; 5 ; 5 ; pensais ; music 
0.20903137369046454 ; 21 ; 17 ; cicatrice ; scar 
0.29731940967542 ; 19 ; 17 ; passa ; disappeared 
0.2100576554061905 ; 15 ; 12 ; odeur ; smell 
0.15529022993760672 ; 5 ; 5 ; sortes ; meeting 
0.21662854040662127 ; 7 ; 7 ; tenaient ; tears 
0.3783486333002715 ; 18 ; 14 ; vos ; flew 
0.22693078253127708 ; 7 ; 6 ; endormi ; excitedly 
0.3927377240411365 ; 27 ; 21 ; serait ; asleep 
0.3585977572307393 ; 26 ; 23 ; cas ; staring 
0.08310580702838988 ; 5 ; 6 ; prirent ; panted 
0.013957362539635643 ; 6 ; 6 ; quasi ; headless 
0.1322063938640507 ; 8 ; 6 ; chuchota ; rule 
0.14023049092936202 ; 5 ; 5 ; volte ; barked 
0.0713738008905921 ; 20 ; 25 ; noël ; christmas 
0.2830279187114595 ; 16 ; 14 ; obscurité ; playing 
0.40478334386136544 ; 26 ; 29 ; heures ; shouted 
0.2347343654013634 ; 11 ; 11 ; immédiatement ; midnight 
0.015327502150408567 ; 6 ; 7 ; guipure ; malkin 
0.21893110196039314 ; 6 ; 5 ; ferais ; neat 
0.5347361367847286 ; 89 ; 69 ; main ; hand 
0.1038322549978801 ; 5 ; 6 ; tonna ; cause 
0.35695917609018313 ; 15 ; 16 ; cause ; used 
0.04369612109800486 ; 14 ; 14 ; turban ; turban 
0.22809613439139909 ; 7 ; 5 ; heureusement ; nerve 
0.5418490528103288 ; 401 ; 306 ; on ; were 
0.23266918491567173 ; 10 ; 7 ; sorcière ; history 
0.2565947833200084 ; 10 ; 11 ; lueur ; decided 
0.014289734936451554 ; 6 ; 5 ; boa ; constrictor 
0.14585610215856903 ; 5 ; 5 ; rendait ; herbology 
0.2658591920299034 ; 9 ; 10 ; souvent ; baby 
0.40087792298431196 ; 23 ; 17 ; norbert ; field 
0.2810864204369171 ; 13 ; 12 ; bord ; sharp 
0.03275625057497013 ; 7 ; 7 ; uniforme ; uniform 
0.1899266522733607 ; 5 ; 6 ; sévère ; garden 
0.20212424934729328 ; 6 ; 5 ; pénombre ; tapped 
0.14114077313960144 ; 11 ; 10 ; tabouret ; vault 
0.5137037796779098 ; 94 ; 67 ; sont ; bit 
0.21302623526596604 ; 102 ; 117 ; neville ; neville 
0.17526709507709298 ; 6 ; 7 ; raconter ; showing 
0.007295679383036879 ; 10 ; 8 ; centaure ; centaur 
0.1687181785063113 ; 5 ; 5 ; laissait ; clapping 
0.12960521822854418 ; 6 ; 5 ; avala ; tapped 
0.34753531626057044 ; 478 ; 485 ; mais ; but 
0.29318932306200773 ; 12 ; 10 ; courant ; curse 
0.19515439052893632 ; 6 ; 5 ; pourriez ; socks 
0.1435194362710811 ; 6 ; 8 ; football ; teach 
0.1421934853556535 ; 5 ; 7 ; pluie ; summat 
0.01959637636045597 ; 5 ; 5 ; capitaine ; captain 
0.45712423482747777 ; 71 ; 74 ; quelques ; anything 
0.1309509918485961 ; 6 ; 5 ; souvenait ; reading 
0.11316723035229324 ; 11 ; 10 ; vitre ; television 
0.2870094834801363 ; 45 ; 60 ; quidditch ; quidditch 
0.5054081781012938 ; 161 ; 178 ; chose ; when 
0.2760529078326026 ; 11 ; 10 ; répéta ; working 
0.03040872639068204 ; 6 ; 5 ; ailes ; wings 
0.21650492849117128 ; 6 ; 7 ; pousser ; shoulders 
0.3236531660580521 ; 11 ; 13 ; quitta ; upstairs 
0.45355591526858097 ; 49 ; 43 ; autour ; sure 
0.10890020430489411 ; 5 ; 5 ; retrouvèrent ; miles 
0.1987711410944864 ; 8 ; 9 ; lut ; parchment 
0.2696019397872909 ; 10 ; 7 ; surprises ; higher 
0.21139620836124284 ; 5 ; 5 ; perçant ; perfectly 
0.3492404660630773 ; 15 ; 11 ; vert ; midnight 
0.45264580845634833 ; 40 ; 43 ; regarda ; won 
0.2159424871439318 ; 9 ; 11 ; jetant ; listening 
0.24986547911342286 ; 9 ; 10 ; arracha ; business 
0.28002654078950073 ; 26 ; 33 ; cinq ; five 
0.35840009323257094 ; 19 ; 16 ; ailleurs ; seem 
0.2942023721242666 ; 5 ; 5 ; audessus ; mumbled 
0.5229144162729936 ; 503 ; 501 ; lui ; him 
0.45011410135099356 ; 103 ; 89 ; fois ; which 
0.1376559785207194 ; 9 ; 8 ; tournant ; yours 
0.19200173080295527 ; 8 ; 7 ; davantage ; uniform 
0.14501069264123206 ; 7 ; 5 ; noms ; purpose 
0.09479455196457853 ; 36 ; 37 ; troll ; troll 
0.2009061982348747 ; 8 ; 7 ; reconnut ; feather 
0.3167685069917996 ; 12 ; 10 ; souvenir ; death 
0.22675975241322488 ; 11 ; 8 ; arrêter ; cry 
0.10067095640823459 ; 5 ; 6 ; bateau ; wizarding 
0.30389423942478244 ; 16 ; 14 ; trouve ; nervous 
0.41871180531397373 ; 51 ; 70 ; celui ; away 
0.18359562575253732 ; 7 ; 5 ; immense ; clapping 
0.3598489585663194 ; 14 ; 10 ; lire ; dream 
0.22096257190477958 ; 5 ; 7 ; fierté ; sounding 
0.1710271410635837 ; 7 ; 6 ; drago ; beans 
0.346707908584511 ; 19 ; 14 ; journée ; broken 
0.1767189476368054 ; 6 ; 7 ; traverser ; locker 
0.15151169211469356 ; 6 ; 5 ; passaient ; pop 
0.09633879149975266 ; 8 ; 8 ; échiquier ; knight 
0.41342411711187005 ; 18 ; 15 ; doigts ; doors 
0.23667974495396404 ; 11 ; 9 ; toucher ; lead 
0.25828772487530127 ; 12 ; 11 ; revanche ; fall 
0.4275070700837641 ; 37 ; 34 ; bruit ; coming 
0.502268913459617 ; 55 ; 45 ; pu ; until 
0.3078891808507378 ; 13 ; 11 ; drôle ; happen 
0.3218063315206378 ; 12 ; 14 ; interrompit ; scared 
0.11599252710311247 ; 6 ; 5 ; formule ; score 
0.10429019666999667 ; 5 ; 7 ; bill ; boats 
0.13335200559993288 ; 5 ; 7 ; commençait ; wants 
0.4425790255290127 ; 74 ; 81 ; mr ; mr 
0.48414100537816385 ; 801 ; 836 ; qui ; t 
0.40567470629134594 ; 31 ; 22 ; répliqua ; noise 
0.3025059560163698 ; 11 ; 10 ; auraient ; earth 
0.532886805726277 ; 150 ; 105 ; étaient ; even 
0.41279306238506797 ; 25 ; 24 ; mettre ; except 
0.4741628189184053 ; 42 ; 32 ; dû ; morning 
0.4474741600261997 ; 47 ; 50 ; tomber ; end 
0.1965811290970921 ; 6 ; 5 ; parvenir ; slithering 
0.212485947301137 ; 7 ; 6 ; particulièrement ; plates 
0.4804961563250226 ; 114 ; 77 ; voix ; turned 
0.11453946381941953 ; 5 ; 5 ; entraîner ; ickle 
0.17833467175547954 ; 8 ; 8 ; retentit ; asking 
0.2559798304031633 ; 18 ; 15 ; juste ; learn 
0.16434495681474148 ; 7 ; 5 ; laissant ; believed 
0.2504723589446079 ; 10 ; 9 ; tira ; afraid 
0.16997749728891498 ; 8 ; 8 ; aimait ; force 
0.3640705647199177 ; 9 ; 9 ; comprendre ; parcel 
0.4669286284799649 ; 3241 ; 3630 ; de ; the 
0.26152019478897215 ; 36 ; 39 ; vie ; life 
0.2040000190958607 ; 7 ; 6 ; menait ; eight 
0.48257060287580755 ; 137 ; 135 ; sans ; going 
0.486776149533366 ; 84 ; 69 ; eut ; suddenly 
0.28881282886678256 ; 12 ; 10 ; ressemblait ; surprise 
0.21713137509603778 ; 10 ; 10 ; mots ; bag 
0.15951635753786064 ; 9 ; 7 ; virent ; shoulders 
0.41969714899856925 ; 26 ; 29 ; étrange ; funny 
0.14865422109070864 ; 6 ; 8 ; élevèrent ; sorting 
0.27013983974580286 ; 71 ; 80 ; trois ; three 
0.2832498272184616 ; 16 ; 14 ; faisant ; thick 
0.22728255108114595 ; 8 ; 7 ; arracher ; summat 
0.2672217594971816 ; 11 ; 10 ; beau ; working 
0.01844024893399554 ; 9 ; 9 ; cognard ; bludger 
0.16210109831194408 ; 6 ; 7 ; existe ; muttering 
0.45194252592258827 ; 39 ; 39 ; silence ; under 
0.1713017194761341 ; 6 ; 8 ; tirer ; houses 
0.324339599463502 ; 9 ; 9 ; nos ; handed 
0.5027963939575852 ; 112 ; 96 ; aussi ; thought 
0.18287864442975316 ; 6 ; 5 ; paraît ; impressed 
0.4173748568753124 ; 28 ; 25 ; également ; heart 
0.1488582533332165 ; 7 ; 5 ; pile ; romania 
0.29794471789945276 ; 12 ; 9 ; donné ; following 
0.11940635719017034 ; 6 ; 6 ; lancer ; dived 
0.31758950069719183 ; 13 ; 14 ; partie ; quietly 
0.0132273751475787 ; 6 ; 6 ; moustache ; mustache 
0.18257567064971758 ; 7 ; 8 ; enchantements ; teach 
0.1976218644275034 ; 8 ; 10 ; libre ; prefect 
0.3356841090918136 ; 28 ; 21 ; doit ; watched 
0.2722068506495974 ; 12 ; 10 ; doigt ; balls 
0.23483632692401613 ; 27 ; 21 ; lettres ; letters 
0.28261293999609294 ; 9 ; 9 ; montrait ; noticing 
0.4780276484654453 ; 209 ; 245 ; même ; if 
0.3305415494313845 ; 7 ; 8 ; prenant ; suggested 
0.023491598218817633 ; 7 ; 6 ; flûte ; flute 
0.15612388505860178 ; 5 ; 6 ; cessé ; wizardry 
0.33076712559941707 ; 15 ; 11 ; cesse ; girl 
0.3712882656983322 ; 20 ; 20 ; forme ; dear 
0.016144441227183948 ; 5 ; 5 ; olivier ; oliver 
0.2471577631800757 ; 12 ; 13 ; surprise ; somehow 
0.2715076036349441 ; 6 ; 7 ; cherchait ; silently 
0.18797130301619291 ; 7 ; 5 ; sauver ; lines 
0.2060371754845552 ; 7 ; 5 ; voyage ; blimey 
0.34561878387887984 ; 12 ; 10 ; reçu ; flat 
0.22442774310393152 ; 11 ; 12 ; blanches ; key 
0.1838023224067799 ; 6 ; 5 ; voyez ; forever 
0.30294540787221247 ; 33 ; 24 ; géant ; giant 
0.23039393904204725 ; 7 ; 6 ; caché ; rang 
0.28628497983508155 ; 9 ; 10 ; passèrent ; size 
0.2530338188751673 ; 11 ; 12 ; quant ; hold 
0.24339652628889719 ; 6 ; 5 ; laissez ; present 
0.4808363451940719 ; 930 ; 967 ; pas ; in 
0.14345306075168285 ; 10 ; 7 ; réveiller ; hiding 
0.37647536621508426 ; 28 ; 22 ; jambes ; legs 
0.20623212115486933 ; 6 ; 5 ; sois ; mars 
0.10483142031835274 ; 5 ; 5 ; sorcières ; rob 
0.2641915855905025 ; 9 ; 8 ; croyez ; sped 
0.3780783333706025 ; 23 ; 33 ; entendit ; ask 
0.22372713453666207 ; 6 ; 8 ; trembler ; interested 
0.4743794927845233 ; 111 ; 107 ; tous ; before 
0.47263289377148293 ; 84 ; 96 ; peut ; next 
0.17821095951509958 ; 7 ; 6 ; morte ; cheering 
0.33515835186219334 ; 17 ; 12 ; incapable ; hold 
0.43287134306119596 ; 62 ; 55 ; première ; few 
0.2921379764934664 ; 14 ; 14 ; énorme ; pink 
0.2640519285111443 ; 12 ; 13 ; valise ; scabbers 
0.4566998480906521 ; 109 ; 90 ; autre ; other 
0.1707085595909315 ; 7 ; 10 ; pareille ; keeping 
0.46274905847186376 ; 62 ; 48 ; prendre ; enough 
0.5359835005211327 ; 146 ; 112 ; me ; well 
0.23069230470014673 ; 5 ; 7 ; pouvais ; shocked 
0.30131325230452766 ; 13 ; 10 ; foule ; outta 
0.20452744090033292 ; 6 ; 5 ; objet ; sprinted 
0.28840505034194075 ; 15 ; 11 ; échapper ; usually 
0.35203605298508966 ; 16 ; 12 ; retrouver ; ones 
0.10609530695642383 ; 12 ; 12 ; gobelin ; griphook 
0.3956015831014549 ; 35 ; 51 ; gros ; large 
0.03821625400969986 ; 18 ; 16 ; crapaud ; toad 
0.47938827290500696 ; 127 ; 107 ; peu ; before 
0.23367369407423028 ; 14 ; 15 ; bond ; having 
0.06667630036234254 ; 6 ; 7 ; liste ; list 
0.21585207595534917 ; 5 ; 5 ; faible ; carry 
0.38032882014357805 ; 41 ; 38 ; chemin ; onto 
0.3226590702176942 ; 19 ; 15 ; montre ; low 
0.4338452810980144 ; 78 ; 79 ; derrière ; behind 
0.3890077066300865 ; 24 ; 19 ; premier ; taking 
0.19220831621254858 ; 5 ; 5 ; fauteuil ; pop 
0.3815285513778691 ; 21 ; 15 ; resta ; low 
0.2039747611004937 ; 14 ; 10 ; numéro ; bag 
0.2262192016926271 ; 12 ; 11 ; promener ; listening 
0.19872954788014258 ; 7 ; 6 ; aille ; stomach 
0.13633547859313233 ; 7 ; 7 ; mois ; higher 
0.5080911240142657 ; 2249 ; 1757 ; il ; he 
0.45281829294463755 ; 72 ; 55 ; fut ; might 
0.07912039237584997 ; 9 ; 10 ; bébé ; baby 
0.1250631046366391 ; 5 ; 5 ; bottes ; daylight 
0.4782437545061125 ; 120 ; 105 ; yeux ; eyes 
0.18604515309091155 ; 7 ; 5 ; suggéra ; neat 
0.29603235753337076 ; 11 ; 10 ; laisse ; throwing 
0.13936817563766685 ; 7 ; 8 ; rappeler ; suggested 
0.23312727605145891 ; 13 ; 12 ; front ; forehead 
0.13957175539426758 ; 5 ; 5 ; convaincre ; closed 
0.13312497642662738 ; 6 ; 5 ; marcher ; wore 
0.32471287508483976 ; 20 ; 16 ; laquelle ; dad 
0.2517420357643291 ; 7 ; 5 ; continuait ; hurtled 
0.034077138835107545 ; 30 ; 30 ; george ; george 
0.1996881580421754 ; 7 ; 5 ; manque ; tapped 
0.410258710659972 ; 25 ; 21 ; dehors ; dropped 
0.3189899411666287 ; 14 ; 11 ; lentement ; rose 
0.39228250615673416 ; 20 ; 15 ; cri ; wide 
0.18509706203186954 ; 6 ; 7 ; retourne ; goblins 
0.38073293100738886 ; 15 ; 13 ; oublié ; worry 
0.23719589760716206 ; 6 ; 6 ; pouvoirs ; mysterious 
0.21272519973627113 ; 5 ; 5 ; détruite ; danger 
0.26921890193607023 ; 11 ; 10 ; bureau ; neither 
0.3593651794711813 ; 12 ; 14 ; disparut ; leapt 
0.4396710937953771 ; 38 ; 31 ; mains ; happened 
0.1608033680484778 ; 7 ; 5 ; épaisse ; diggle 
0.423422379477265 ; 20 ; 14 ; serpent ; questions 
0.5277567027366977 ; 698 ; 625 ; était ; at 
0.3572370638604452 ; 13 ; 12 ; parfois ; walk 
0.34186694340695656 ; 15 ; 12 ; reflet ; step 
0.4250008707623775 ; 32 ; 33 ; heure ; ask 
0.40506703068555017 ; 17 ; 25 ; merci ; snapped 
0.33211047094668356 ; 14 ; 11 ; tant ; usually 
0.180979374760775 ; 7 ; 6 ; traversa ; everywhere 
0.23562530469218568 ; 7 ; 5 ; faillit ; enchantments 
0.09909616281338343 ; 7 ; 5 ; humeur ; imagining 
0.5196025129019821 ; 40 ; 36 ; réussi ; father 
0.0881632454222035 ; 7 ; 7 ; boite ; tears 
0.4571205405496283 ; 29 ; 25 ; chance ; heart 
0.3850842170284706 ; 21 ; 15 ; furieux ; angry 
0.34240337602806326 ; 16 ; 12 ; plein ; live 
0.167873072011211 ; 8 ; 6 ; force ; mustache 
0.409635102499882 ; 34 ; 32 ; ci ; both 
0.2403115155946862 ; 7 ; 6 ; monstre ; beans 
0.46399562575117304 ; 57 ; 63 ; trop ; took 
0.1404089812637768 ; 5 ; 5 ; chats ; boots 
0.13571522961197738 ; 22 ; 23 ; hiboux ; owls 
0.18068923438193618 ; 5 ; 5 ; froideur ; oak 
0.24091861245531074 ; 10 ; 9 ; devenu ; water 
0.20055573459157278 ; 8 ; 11 ; vint ; least 
0.46902180235093993 ; 89 ; 96 ; pendant ; thought 
0.42951298037551183 ; 22 ; 15 ; jeune ; twice 
0.1323306821196727 ; 11 ; 9 ; cacher ; fly 
0.13298685288547862 ; 7 ; 6 ; rencontre ; afford 
0.39295324314684055 ; 30 ; 21 ; poussa ; muttered 
0.22047148546936202 ; 5 ; 6 ; remonta ; rule 
0.3985588876676132 ; 18 ; 16 ; dos ; bet 
0.1975372427380883 ; 8 ; 7 ; froid ; slightly 
0.490203033463473 ; 245 ; 238 ; si ; so 
0.22959249573075602 ; 5 ; 7 ; baissa ; snout 
0.11762538699275216 ; 7 ; 6 ; éclata ; laugh 
0.4119123303027277 ; 18 ; 14 ; manger ; tail 
0.09944804875024443 ; 7 ; 7 ; connais ; wish 
0.16496993539971994 ; 5 ; 5 ; aimable ; pick 
0.44606270701891376 ; 58 ; 54 ; quelqu ; find 
0.42650481721239775 ; 41 ; 41 ; petite ; always 
0.31924654162479116 ; 13 ; 15 ; tenir ; wide 
0.16265838896364898 ; 5 ; 5 ; rejoindre ; complain 
0.22700965908288806 ; 14 ; 13 ; silhouette ; ball 
0.36273860386347034 ; 18 ; 16 ; instants ; ready 
0.0837248166212991 ; 5 ; 6 ; poids ; wizardry 
0.1465157645049177 ; 5 ; 5 ; confusion ; bathroom 
0.020176775187608298 ; 10 ; 10 ; parapluie ; umbrella 
0.4504032104987544 ; 43 ; 43 ; essayer ; won 
0.29239842137563066 ; 30 ; 29 ; chien ; dog 
0.23086638346758995 ; 7 ; 6 ; seulement ; crack 
0.5082921369541338 ; 192 ; 219 ; ai ; me 
0.11618714176940587 ; 264 ; 270 ; hermione ; hermione 
0.16117327288867794 ; 5 ; 5 ; sympathie ; transfiguration 
0.19862512805547378 ; 7 ; 5 ; écarlate ; scrambled 
0.36701346549261415 ; 26 ; 33 ; impression ; whole 
0.466207494251083 ; 60 ; 68 ; mal ; after 
0.23659048033600508 ; 7 ; 6 ; prêter ; grab 
0.2286893918716011 ; 5 ; 5 ; hier ; places 
0.5164006236648058 ; 728 ; 836 ; ne ; t 
0.0660290810371923 ; 5 ; 5 ; aime ; pay 
0.4579349476162769 ; 139 ; 120 ; fait ; time 
0.013723668924579317 ; 10 ; 8 ; moto ; motorcycle 
0.01560960425019553 ; 17 ; 18 ; ollivander ; ollivander 
